Workbook

Sheet 00 Instructions
A1: SDC Learn — Manual Test Suite (LMS + Phase 2 SDC Learn AI)
A3: Purpose
A4: End-to-end manual verification of learner, instructor, coordinator, and SDC Learn AI workflows. One row per case; update Status as you execute.
A6: Environment
A7: Base URL | B7: http://localhost:3000
A8: Login | B8: http://localhost:3000/login.html
A9: App | B9: http://localhost:3000/app.html
A10: Cert verify | B10: http://localhost:3000/verify.html
A11: AI health | B11: http://localhost:3000/api/ai/status
A12: API health | B12: http://localhost:3000/api/health
A13: BRD | B13: docs/BRD_Phase2_AI_Capabilities.md
A16: Demo accounts (password: Demo@123)
A17: Role | B17: Email | C17: Use for
A18: Coordinator | B18: admin@sdclearn.demo | C18: Full console, Integrations
A19: Instructor | B19: instructor@sdclearn.demo | C19: Excel course, grading, quizzes
A20: Learner | B20: learner@sdclearn.demo | C20: My Courses, tutor, practice, quizzes
A21: Accounts Officer | B21: accounts@sdclearn.demo | C21: Fees-limited custom role
A24: How to use
A25: 1. Start server: npm start → confirm /api/health and /api/ai/status.
A26: 2. If quizzes/AI seed data missing: Settings → Data → Reset demo data.
A27: 3. Configure AI: admin → Settings → Integrations → API key → Test → Save capability map.
A28: 4. Execute cases sheet by sheet. Set Status = Pass / Fail / Blocked / N/A / Not Run.
A29: 5. Log Actual result + Evidence (screenshot path or note).
A30: 6. Open 99 Dashboard for Pass/Fail counts (Excel formulas).
A31: 7. Priority Must = Phase 2 release gate; Should = optional; NFR = quality bar.
A33: Status legend
A34: Pass | B34: Fail | C34: Blocked | D34: N/A or Not Run

Sheet 99 Dashboard
A1: Execution dashboard
A2: Counts use COUNTIF on each case sheet column K. Fill Status values then review totals.
A4: Sheet | B4: Total cases | C4: Pass | D4: Fail | E4: Blocked | F4: Not Run | G4: N/A | H4: Pass %
A5: 01 Smoke & Auth | B5: =COUNTA('01 Smoke & Auth'!A:A)-1 | C5: =COUNTIF('01 Smoke & Auth'!K:K,"Pass") | D5: =COUNTIF('01 Smoke & Auth'!K:K,"Fail") | E5: =COUNTIF('01 Smoke & Auth'!K:K,"Blocked") | F5: =COUNTIF('01 Smoke & Auth'!K:K,"Not Run") | G5: =COUNTIF('01 Smoke & Auth'!K:K,"N/A") | H5: =IF(B5=0,0,C5/B5)
A6: 02 Learner LMS | B6: =COUNTA('02 Learner LMS'!A:A)-1 | C6: =COUNTIF('02 Learner LMS'!K:K,"Pass") | D6: =COUNTIF('02 Learner LMS'!K:K,"Fail") | E6: =COUNTIF('02 Learner LMS'!K:K,"Blocked") | F6: =COUNTIF('02 Learner LMS'!K:K,"Not Run") | G6: =COUNTIF('02 Learner LMS'!K:K,"N/A") | H6: =IF(B6=0,0,C6/B6)
A7: 03 Instructor LMS | B7: =COUNTA('03 Instructor LMS'!A:A)-1 | C7: =COUNTIF('03 Instructor LMS'!K:K,"Pass") | D7: =COUNTIF('03 Instructor LMS'!K:K,"Fail") | E7: =COUNTIF('03 Instructor LMS'!K:K,"Blocked") | F7: =COUNTIF('03 Instructor LMS'!K:K,"Not Run") | G7: =COUNTIF('03 Instructor LMS'!K:K,"N/A") | H7: =IF(B7=0,0,C7/B7)
A8: 04 Admin Ops | B8: =COUNTA('04 Admin Ops'!A:A)-1 | C8: =COUNTIF('04 Admin Ops'!K:K,"Pass") | D8: =COUNTIF('04 Admin Ops'!K:K,"Fail") | E8: =COUNTIF('04 Admin Ops'!K:K,"Blocked") | F8: =COUNTIF('04 Admin Ops'!K:K,"Not Run") | G8: =COUNTIF('04 Admin Ops'!K:K,"N/A") | H8: =IF(B8=0,0,C8/B8)
A9: 05 Quizzes Graded | B9: =COUNTA('05 Quizzes Graded'!A:A)-1 | C9: =COUNTIF('05 Quizzes Graded'!K:K,"Pass") | D9: =COUNTIF('05 Quizzes Graded'!K:K,"Fail") | E9: =COUNTIF('05 Quizzes Graded'!K:K,"Blocked") | F9: =COUNTIF('05 Quizzes Graded'!K:K,"Not Run") | G9: =COUNTIF('05 Quizzes Graded'!K:K,"N/A") | H9: =IF(B9=0,0,C9/B9)
A10: 06 AI Integrations | B10: =COUNTA('06 AI Integrations'!A:A)-1 | C10: =COUNTIF('06 AI Integrations'!K:K,"Pass") | D10: =COUNTIF('06 AI Integrations'!K:K,"Fail") | E10: =COUNTIF('06 AI Integrations'!K:K,"Blocked") | F10: =COUNTIF('06 AI Integrations'!K:K,"Not Run") | G10: =COUNTIF('06 AI Integrations'!K:K,"N/A") | H10: =IF(B10=0,0,C10/B10)
A11: 07 AI Tutor & Summary | B11: =COUNTA('07 AI Tutor & Summary'!A:A)-1 | C11: =COUNTIF('07 AI Tutor & Summary'!K:K,"Pass") | D11: =COUNTIF('07 AI Tutor & Summary'!K:K,"Fail") | E11: =COUNTIF('07 AI Tutor & Summary'!K:K,"Blocked") | F11: =COUNTIF('07 AI Tutor & Summary'!K:K,"Not Run") | G11: =COUNTIF('07 AI Tutor & Summary'!K:K,"N/A") | H11: =IF(B11=0,0,C11/B11)
A12: 08 AI Practice & Generate | B12: =COUNTA('08 AI Practice & Generate'!A:A)-1 | C12: =COUNTIF('08 AI Practice & Generate'!K:K,"Pass") | D12: =COUNTIF('08 AI Practice & Generate'!K:K,"Fail") | E12: =COUNTIF('08 AI Practice & Generate'!K:K,"Blocked") | F12: =COUNTIF('08 AI Practice & Generate'!K:K,"Not Run") | G12: =COUNTIF('08 AI Practice & Generate'!K:K,"N/A") | H12: =IF(B12=0,0,C12/B12)
A13: 09 AI Evaluator | B13: =COUNTA('09 AI Evaluator'!A:A)-1 | C13: =COUNTIF('09 AI Evaluator'!K:K,"Pass") | D13: =COUNTIF('09 AI Evaluator'!K:K,"Fail") | E13: =COUNTIF('09 AI Evaluator'!K:K,"Blocked") | F13: =COUNTIF('09 AI Evaluator'!K:K,"Not Run") | G13: =COUNTIF('09 AI Evaluator'!K:K,"N/A") | H13: =IF(B13=0,0,C13/B13)
A14: 10 At-Risk & Results | B14: =COUNTA('10 At-Risk & Results'!A:A)-1 | C14: =COUNTIF('10 At-Risk & Results'!K:K,"Pass") | D14: =COUNTIF('10 At-Risk & Results'!K:K,"Fail") | E14: =COUNTIF('10 At-Risk & Results'!K:K,"Blocked") | F14: =COUNTIF('10 At-Risk & Results'!K:K,"Not Run") | G14: =COUNTIF('10 At-Risk & Results'!K:K,"N/A") | H14: =IF(B14=0,0,C14/B14)
A15: 11 Permissions NFR | B15: =COUNTA('11 Permissions NFR'!A:A)-1 | C15: =COUNTIF('11 Permissions NFR'!K:K,"Pass") | D15: =COUNTIF('11 Permissions NFR'!K:K,"Fail") | E15: =COUNTIF('11 Permissions NFR'!K:K,"Blocked") | F15: =COUNTIF('11 Permissions NFR'!K:K,"Not Run") | G15: =COUNTIF('11 Permissions NFR'!K:K,"N/A") | H15: =IF(B15=0,0,C15/B15)
A16: TOTAL | B16: =SUM(B5:B15) | C16: =SUM(C5:C15) | D16: =SUM(D5:D15) | E16: =SUM(E5:E15) | F16: =SUM(F5:F15) | G16: =SUM(G5:G15) | H16: =IF(B16=0,0,C16/B16)
A18: Release gate: all Must cases in sheets 05–10 Pass (or N/A with reason). Any Fail blocks Phase 2 release.
A20: Sign-off | B20: Tester: Claude (automated runs)
B21: Date: 2026-10-08
B22: Build/commit:
B23: Result (Pass/Fail): Pass — Gemini and Azure cases blocked pending real keys

Sheet 01 Smoke & Auth
A1: Case ID | B1: Area | C1: Feature / Workflow | D1: Priority | E1: Role | F1: Account (demo) | G1: Preconditions | H1: Test steps | I1: Expected result | J1: Actual result | K1: Status | L1: Tester | M1: Date | N1: Evidence / Notes
A2: SMK-01 | B2: Smoke | C2: Server health | D2: Must | E2: Any | F2: — | G2: Server running | H2: Open /api/health | I2: JSON status ok, service SDC Learn API | K2: Not Run
A3: SMK-02 | B3: Smoke | C3: AI API status | D3: Must | E3: Any | F3: — | G3: Phase 2 deployed | H3: Open /api/ai/status | I3: ok:true, product SDC Learn AI | J3: Automated (tests/phase2.run.js), gateway mode with mock Supabase and mock AI provider. | K3: Pass | L3: Claude (automated) | M3: 2026-10-08 | N3: tests/phase2.run.js
A4: SMK-03 | B4: Smoke | C4: Login page loads | D4: Must | E4: Guest | F4: — | G4: — | H4: Open /login.html | I4: SDC branding; demo shortcuts | J4: Automated in the 94-case SDC suite: TC-014. | K4: Pass | L4: Claude (automated) | M4: 2026-10-08 | N4: tests/suite.run.js
A5: AUTH-01 | B5: Auth | C5: Coordinator login | D5: Must | E5: Coordinator | F5: admin@sdclearn.demo | G5: Password Demo@123 for all demos. | H5: Sign in | I5: Staff dashboard | J5: Automated in the 94-case SDC suite: TC-001. | K5: Pass | L5: Claude (automated) | M5: 2026-10-08 | N5: tests/suite.run.js
A6: AUTH-02 | B6: Auth | C6: Instructor login | D6: Must | E6: Instructor | F6: instructor@sdclearn.demo | G6: Password Demo@123 for all demos. | H6: Sign in | I6: Instructor dashboard | J6: Automated in the 94-case SDC suite: TC-002. | K6: Pass | L6: Claude (automated) | M6: 2026-10-08 | N6: tests/suite.run.js
A7: AUTH-03 | B7: Auth | C7: Learner login | D7: Must | E7: Learner | F7: learner@sdclearn.demo | G7: Password Demo@123 for all demos. | H7: Sign in | I7: My Courses | J7: Automated in the 94-case SDC suite: TC-003. | K7: Pass | L7: Claude (automated) | M7: 2026-10-08 | N7: tests/suite.run.js
A8: AUTH-04 | B8: Auth | C8: Wrong password | D8: Must | E8: Guest | F8: admin@sdclearn.demo | G8: — | H8: Wrong password | I8: Error; no session | J8: Automated in the 94-case SDC suite: TC-004. | K8: Pass | L8: Claude (automated) | M8: 2026-10-08 | N8: tests/suite.run.js
A9: AUTH-05 | B9: Auth | C9: Logout | D9: Must | E9: Learner | F9: learner@sdclearn.demo | G9: Signed in | H9: Sign out | I9: Back to login | J9: Automated in the 94-case SDC suite: TC-010. | K9: Pass | L9: Claude (automated) | M9: 2026-10-08 | N9: tests/suite.run.js
A10: AUTH-06 | B10: Auth | C10: Remember me | D10: Should | E10: Learner | F10: learner@sdclearn.demo | G10: — | H10: Remember me → reopen app | I10: Still signed in | J10: Automated in the 94-case SDC suite: TC-009. | K10: Pass | L10: Claude (automated) | M10: 2026-10-08 | N10: tests/suite.run.js
A11: AUTH-07 | B11: Auth | C11: Theme toggle | D11: NFR | E11: Any | F11: learner@sdclearn.demo | G11: Signed in | H11: Toggle light/dark | I11: Persists | J11: Automated in the 94-case SDC suite: TC-016. | K11: Pass | L11: Claude (automated) | M11: 2026-10-08 | N11: tests/suite.run.js
A12: AUTH-08 | B12: Auth | C12: Mobile login | D12: NFR | E12: Guest | F12: — | G12: ≤375px | H12: Open login | I12: No overflow; usable | J12: Automated (tests/phase2.run.js), gateway mode with mock Supabase and mock AI provider. | K12: Pass | L12: Claude (automated) | M12: 2026-10-08 | N12: tests/phase2.run.js

Sheet 02 Learner LMS
A1: Case ID | B1: Area | C1: Feature / Workflow | D1: Priority | E1: Role | F1: Account (demo) | G1: Preconditions | H1: Test steps | I1: Expected result | J1: Actual result | K1: Status | L1: Tester | M1: Date | N1: Evidence / Notes
A2: LRN-01 | B2: Learner | C2: My Courses cards | D2: Must | E2: Learner | F2: learner@sdclearn.demo | G2: Enrolled | H2: Open My Courses | I2: Cards with progress/status | K2: Not Run
A3: LRN-02 | B3: Learner | C3: Course home | D3: Must | E3: Learner | F3: learner@sdclearn.demo | G3: Excel AI course | H3: Open course | I3: Sessions + Outline/Submit/Quizzes pins | J3: Automated (tests/phase2.run.js), gateway mode with mock Supabase and mock AI provider. | K3: Pass | L3: Claude (automated) | M3: 2026-10-08 | N3: tests/phase2.run.js
A4: LRN-03 | B4: Learner | C4: Session video/resources | D4: Must | E4: Learner | F4: learner@sdclearn.demo | G4: Unlocked session | H4: Open session | I4: Video + downloads + prev/next | J4: Automated in the 94-case SDC suite: TC-025, TC-030. | K4: Pass | L4: Claude (automated) | M4: 2026-10-08 | N4: tests/suite.run.js
A5: LRN-04 | B5: Learner | C5: Mark complete | D5: Must | E5: Learner | F5: learner@sdclearn.demo | G5: Completable | H5: Mark complete / undo | I5: Progress updates | J5: Automated in the 94-case SDC suite: TC-046, TC-NEW-1. | K5: Pass | L5: Claude (automated) | M5: 2026-10-08 | N5: tests/suite.run.js
A6: LRN-05 | B6: Learner | C6: Restricted lock | D6: Must | E6: Learner | F6: Restricted enrollment | G6: Restricted access | H6: Open locked session | I6: Locked state | J6: Automated in the 94-case SDC suite: TC-045. | K6: Pass | L6: Claude (automated) | M6: 2026-10-08 | N6: tests/suite.run.js
A7: LRN-06 | B7: Learner | C7: Zoom panel | D7: Must | E7: Learner | F7: learner@sdclearn.demo | G7: Zoom configured | H7: Header Zoom | I7: URL/ID/passcode + copy | J7: Automated (tests/phase2.run.js), gateway mode with mock Supabase and mock AI provider. | K7: Pass | L7: Claude (automated) | M7: 2026-10-08 | N7: tests/phase2.run.js
A8: LRN-07 | B8: Learner | C8: Help panel | D8: Must | E8: Learner | F8: learner@sdclearn.demo | G8: — | H8: Header Help | I8: Support link; separate from Tutor | J8: Automated in the 94-case SDC suite: TC-034. | K8: Pass | L8: Claude (automated) | M8: 2026-10-08 | N8: tests/suite.run.js
A9: LRN-08 | B9: Learner | C9: Outline | D9: Must | E9: Learner | F9: learner@sdclearn.demo | G9: — | H9: Open Outline | I9: Outcomes + roadmap | J9: Automated in the 94-case SDC suite: TC-023. | K9: Pass | L9: Claude (automated) | M9: 2026-10-08 | N9: tests/suite.run.js
A10: LRN-09 | B10: Learner | C10: Assignment submit | D10: Must | E10: Learner | F10: learner@sdclearn.demo | G10: Pending assignment | H10: Upload allowed file | I10: Confirmed; replace until graded | J10: Automated in the 94-case SDC suite: TC-036, TC-039, TC-040. | K10: Pass | L10: Claude (automated) | M10: 2026-10-08 | N10: tests/suite.run.js
A11: LRN-10 | B11: Learner | C11: Reject bad type | D11: Must | E11: Learner | F11: learner@sdclearn.demo | G11: — | H11: Upload disallowed type | I11: Validation error | J11: Automated in the 94-case SDC suite: TC-037. | K11: Pass | L11: Claude (automated) | M11: 2026-10-08 | N11: tests/suite.run.js
A12: LRN-11 | B12: Learner | C12: Calendar | D12: Should | E12: Learner | F12: learner@sdclearn.demo | G12: feature on | H12: Open Calendar | I12: Sessions listed | J12: Automated in the 94-case SDC suite: TC-044. | K12: Pass | L12: Claude (automated) | M12: 2026-10-08 | N12: tests/suite.run.js
A13: LRN-12 | B13: Learner | C13: Attendance view | D13: Should | E13: Learner | F13: learner@sdclearn.demo | G13: feature on | H13: Open Attendance | I13: Own records | J13: Automated in the 94-case SDC suite: TC-048. | K13: Pass | L13: Claude (automated) | M13: 2026-10-08 | N13: tests/suite.run.js
A14: LRN-13 | B14: Learner | C14: Fees | D14: Should | E14: Learner | F14: learner@sdclearn.demo | G14: feature on | H14: Open Fees | I14: Own fees | J14: Checked in the browser: the learner Fees page lists only their own 4 records with billed/paid/outstanding totals. | K14: Pass | L14: Claude (automated) | M14: 2026-10-08 | N14: tests/e2e.browser.js / browser check
... A21: LRN-20 | B21: Learner | C21: Mobile course/session | D21: NFR | E21: Learner | F21: learner@sdclearn.demo | G21: ≤375px | H21: Browse course+session | I21: Usable | J21: Automated (tests/phase2.run.js), gateway mode with mock Supabase and mock AI provider. | K21: Pass | L21: Claude (automated) | M21: 2026-10-08 | N21: tests/phase2.run.js

Sheet 03 Instructor LMS
A1: Case ID | B1: Area | C1: Feature / Workflow | D1: Priority | E1: Role | F1: Account (demo) | G1: Preconditions | H1: Test steps | I1: Expected result | J1: Actual result | K1: Status | L1: Tester | M1: Date | N1: Evidence / Notes
A2: INS-01 | B2: Instructor | C2: Dashboard to-grade | D2: Must | E2: Instructor | F2: instructor@sdclearn.demo | G2: Pending submission | H2: Open dashboard | I2: Grade list + modal | K2: Not Run
A3: INS-02 | B3: Instructor | C3: Course builder | D3: Must | E3: Instructor | F3: instructor@sdclearn.demo | G3: Assigned course | H3: Manage course | I3: Overview stats | J3: Automated in the 94-case SDC suite: TC-055. | K3: Pass | L3: Claude (automated) | M3: 2026-10-08 | N3: tests/suite.run.js
A4: INS-03 | B4: Instructor | C4: Edit session | D4: Must | E4: Instructor | F4: instructor@sdclearn.demo | G4: — | H4: Edit session fields/resources | I4: Learner sees update | J4: Automated in the 94-case SDC suite: TC-055, TC-056. | K4: Pass | L4: Claude (automated) | M4: 2026-10-08 | N4: tests/suite.run.js
A5: INS-04 | B5: Instructor | C5: Publish course | D5: Must | E5: Instructor | F5: instructor@sdclearn.demo | G5: can publish | H5: Publish/unpublish | I5: Status updates | J5: Workflow test "Courses: create, publish" (coordinator) and "Instructor: course scope … no publish" — the demo instructor role has no publish permission, so the control is correctly hidden. | K5: Pass | L5: Claude (automated) | M5: 2026-10-08 | N5: tests/e2e.browser.js / browser check
A6: INS-05 | B6: Instructor | C6: Assignments CRUD | D6: Must | E6: Instructor | F6: instructor@sdclearn.demo | G6: — | H6: Add/edit assignment | I6: On learner submit list | J6: Workflow test "Assignments: create, edit"; the new assignment appears on the learner submit list. | K6: Pass | L6: Claude (automated) | M6: 2026-10-08 | N6: tests/e2e.browser.js / browser check
A7: INS-06 | B7: Instructor | C7: Grade submission | D7: Must | E7: Instructor | F7: instructor@sdclearn.demo | G7: Submitted file | H7: Grade → Save | I7: Graded + notify | J7: Automated in the 94-case SDC suite: TC-058. | K7: Pass | L7: Claude (automated) | M7: 2026-10-08 | N7: tests/suite.run.js
A8: INS-07 | B8: Instructor | C8: No grade without perm | D8: Must | E8: Accounts | F8: accounts@sdclearn.demo | G8: No submissions edit | H8: Check UI | I8: No Grade action | J8: Workflow test "Accounts Officer: fees CRUD allowed, learners read-only, courses denied"; the role has no submissions:edit, so no Grade action. | K8: Pass | L8: Claude (automated) | M8: 2026-10-08 | N8: tests/e2e.browser.js / browser check
A9: INS-08 | B9: Instructor | C9: Attendance | D9: Must | E9: Instructor | F9: instructor@sdclearn.demo | G9: feature on | H9: Mark attendance → save | I9: Persisted | J9: Automated in the 94-case SDC suite: TC-057. | K9: Pass | L9: Claude (automated) | M9: 2026-10-08 | N9: tests/suite.run.js
A10: INS-09 | B10: Instructor | C10: Results entry | D10: Must | E10: Instructor | F10: instructor@sdclearn.demo | G10: feature on | H10: Assessment % → Save/Publish | I10: Learner sees result | J10: Workflow test "Instructor: results computed and published"; learner sees the published result. | K10: Pass | L10: Claude (automated) | M10: 2026-10-08 | N10: tests/e2e.browser.js / browser check
A11: INS-10 | B11: Instructor | C11: Announcement | D11: Should | E11: Instructor | F11: instructor@sdclearn.demo | G11: — | H11: Create course announcement | I11: Learner sees it | J11: Automated in the 94-case SDC suite: TC-059. | K11: Pass | L11: Claude (automated) | M11: 2026-10-08 | N11: tests/suite.run.js
A12: INS-11 | B12: Instructor | C12: Course scope | D12: Must | E12: Instructor | F12: instructor@sdclearn.demo | G12: Assigned only | H12: Manage courses list | I12: No foreign courses | J12: Automated in the 94-case SDC suite: TC-054. | K12: Pass | L12: Claude (automated) | M12: 2026-10-08 | N12: tests/suite.run.js

Sheet 04 Admin Ops
A1: Case ID | B1: Area | C1: Feature / Workflow | D1: Priority | E1: Role | F1: Account (demo) | G1: Preconditions | H1: Test steps | I1: Expected result | J1: Actual result | K1: Status | L1: Tester | M1: Date | N1: Evidence / Notes
A2: ADM-01 | B2: Admin | C2: Learners CRUD | D2: Must | E2: Coordinator | F2: admin@sdclearn.demo | G2: — | H2: Create/edit/deactivate learner | I2: Persists | K2: Not Run
A3: ADM-02 | B3: Admin | C3: Enrollment restricted | D3: Must | E3: Coordinator | F3: admin@sdclearn.demo | G3: — | H3: Enroll restricted + allowed sessions | I3: Locks correct | J3: Automated in the 94-case SDC suite: TC-045, TC-066. | K3: Pass | L3: Claude (automated) | M3: 2026-10-08 | N3: tests/suite.run.js
A4: ADM-03 | B4: Admin | C4: Programs/div/batches | D4: Must | E4: Coordinator | F4: admin@sdclearn.demo | G4: — | H4: CRUD each | I4: Lists update | J4: Automated in the 94-case SDC suite: TC-060, TC-061, TC-065. | K4: Pass | L4: Claude (automated) | M4: 2026-10-08 | N4: tests/suite.run.js
A5: ADM-04 | B5: Admin | C5: Roles matrix ai/quizzes | D5: Must | E5: Coordinator | F5: admin@sdclearn.demo | G5: — | H5: Edit role ai + quizzes perms | I5: UI respects matrix | J5: Fixed: the role matrix only had view/create/edit/delete/publish columns, so ai:use and ai:configure could not be granted. Columns now come from the permission list. | K5: Pass | L5: Claude (automated) | M5: 2026-10-08 | N5: tests/phase2.run.js
A6: ADM-05 | B6: Admin | C6: Certificate issue/revoke | D6: Must | E6: Coordinator | F6: admin@sdclearn.demo | G6: Eligible | H6: Issue then revoke | I6: verify.html updates | J6: Automated in the 94-case SDC suite: TC-076, TC-077. | K6: Pass | L6: Claude (automated) | M6: 2026-10-08 | N6: tests/suite.run.js
A7: ADM-06 | B7: Admin | C7: Fees | D7: Should | E7: Coordinator | F7: admin@sdclearn.demo | G7: feature on | H7: Create/update fee | I7: Learner sees | J7: Automated in the 94-case SDC suite: TC-073. | K7: Pass | L7: Claude (automated) | M7: 2026-10-08 | N7: tests/suite.run.js
A8: ADM-07 | B8: Admin | C8: CSV exports | D8: Should | E8: Coordinator | F8: admin@sdclearn.demo | G8: — | H8: Export reports | I8: CSV downloads | J8: Automated in the 94-case SDC suite: TC-081. | K8: Pass | L8: Claude (automated) | M8: 2026-10-08 | N8: tests/suite.run.js
A9: ADM-08 | B9: Admin | C9: Branding settings | D9: Must | E9: Coordinator | F9: admin@sdclearn.demo | G9: — | H9: Change name/colours | I9: UI updates | J9: Automated in the 94-case SDC suite: TC-082. | K9: Pass | L9: Claude (automated) | M9: 2026-10-08 | N9: tests/suite.run.js
A10: ADM-09 | B10: Admin | C10: Terminology | D10: Must | E10: Coordinator | F10: admin@sdclearn.demo | G10: — | H10: Rename Quiz/Learner | I10: Labels update | J10: Automated (tests/phase2.run.js), gateway mode with mock Supabase and mock AI provider. | K10: Pass | L10: Claude (automated) | M10: 2026-10-08 | N10: tests/phase2.run.js
A11: ADM-10 | B11: Admin | C11: Feature flags | D11: Must | E11: Coordinator | F11: admin@sdclearn.demo | G11: — | H11: Disable calendar/fees/ai | I11: Hidden; LMS core works | J11: Automated (tests/phase2.run.js), gateway mode with mock Supabase and mock AI provider. | K11: Pass | L11: Claude (automated) | M11: 2026-10-08 | N11: tests/phase2.run.js
A12: ADM-11 | B12: Admin | C12: Result weights | D12: Must | E12: Coordinator | F12: admin@sdclearn.demo | G12: — | H12: Set assignment/assessment/quiz/attendance | I12: Results text matches | J12: Automated (tests/phase2.run.js), gateway mode with mock Supabase and mock AI provider. | K12: Pass | L12: Claude (automated) | M12: 2026-10-08 | N12: tests/phase2.run.js
A13: ADM-12 | B13: Admin | C13: Backup/restore | D13: Must | E13: Coordinator | F13: admin@sdclearn.demo | G13: — | H13: Download + restore carefully | I13: Data restored | J13: Checked in the browser: downloaded the JSON backup, changed a course title, restored the file; the original title came back after the reload. | K13: Pass | L13: Claude (automated) | M13: 2026-10-08 | N13: tests/e2e.browser.js / browser check
A14: ADM-13 | B14: Admin | C14: Reset demo | D14: Must | E14: Coordinator | F14: admin@sdclearn.demo | G14: Confirm | H14: Reset demo data | I14: Seed incl. sample quiz | J14: Automated (tests/phase2.run.js), gateway mode with mock Supabase and mock AI provider. | K14: Pass | L14: Claude (automated) | M14: 2026-10-08 | N14: tests/phase2.run.js
A15: ADM-14 | B15: Admin | C15: Backup has no AI keys | D15: Must | E15: Coordinator | F15: admin@sdclearn.demo | G15: Key in Integrations | H15: Search backup JSON for sk-/AIza | I15: No raw keys | J15: Automated (tests/phase2.run.js), gateway mode with mock Supabase and mock AI provider. | K15: Pass | L15: Claude (automated) | M15: 2026-10-08 | N15: tests/phase2.run.js

Sheet 05 Quizzes Graded
A1: Case ID | B1: Area | C1: Feature / Workflow | D1: Priority | E1: Role | F1: Account (demo) | G1: Preconditions | H1: Test steps | I1: Expected result | J1: Actual result | K1: Status | L1: Tester | M1: Date | N1: Evidence / Notes
A2: QZ-01 | B2: Quizzes | C2: Builder tab | D2: Must | E2: Instructor | F2: instructor@sdclearn.demo | G2: quizzes feature on | H2: Manage → Quizzes | I2: Tab lists quizzes | K2: Not Run
A3: QZ-02 | B3: Quizzes | C3: Create manual quiz | D3: Must | E3: Instructor | F3: instructor@sdclearn.demo | G3: — | H3: New quiz + MCQ/TF/short → Save | I3: Draft saved | J3: Fixed: switching a question to Short answer did not show model-answer/keyword fields, and multiple-choice questions were stuck at two options. The editor now rebuilds the answer area on type change, adds "Add option"/remove option/remove question, and refuses to save a question without a correct answer. | K3: Pass | L3: Claude (automated) | M3: 2026-10-08 | N3: tests/phase2.run.js
A4: QZ-03 | B4: Quizzes | C4: Publish | D4: Must | E4: Instructor | F4: instructor@sdclearn.demo | G4: Draft | H4: Publish | I4: Learner can see | J4: Passed after the QZ-02 fix (was blocked by it). | K4: Pass | L4: Claude (automated) | M4: 2026-10-08 | N4: tests/phase2.run.js
A5: QZ-04 | B5: Quizzes | C5: Unpublish | D5: Must | E5: Instructor | F5: instructor@sdclearn.demo | G5: Published | H5: Unpublish | I5: Learner cannot attempt | J5: Passed after the QZ-02 fix (was blocked by it). | K5: Pass | L5: Claude (automated) | M5: 2026-10-08 | N5: tests/phase2.run.js
A6: QZ-05 | B6: Quizzes | C6: Learner attempt | D6: Must | E6: Learner | F6: learner@sdclearn.demo | G6: QZ-EX-1 published | H6: Attempt → submit | I6: Objective auto-score | J6: Automated (tests/phase2.run.js), gateway mode with mock Supabase and mock AI provider. | K6: Pass | L6: Claude (automated) | M6: 2026-10-08 | N6: tests/phase2.run.js
A7: QZ-06 | B7: Quizzes | C7: Attempt limit | D7: Must | E7: Learner | F7: learner@sdclearn.demo | G7: limit=2 | H7: Third attempt | I7: Blocked | J7: Automated (tests/phase2.run.js), gateway mode with mock Supabase and mock AI provider. | K7: Pass | L7: Claude (automated) | M7: 2026-10-08 | N7: tests/phase2.run.js
A8: QZ-07 | B8: Quizzes | C8: Short answer AI/pending | D8: Must | E8: Learner | F8: learner@sdclearn.demo | G8: AI on or off | H8: Submit short item | I8: AI score or pending note | J8: Passed with AI on (short answer scored by AI). Fixed: when AI was unavailable, short answers were silently scored 0; they are now left pending for the instructor (automated check QZ-07b). | K8: Pass | L8: Claude (automated) | M8: 2026-10-08 | N8: tests/phase2.run.js
A9: QZ-08 | B9: Quizzes | C9: quizAvg column | D9: Must | E9: Instructor | F9: instructor@sdclearn.demo | G9: Submitted attempt | H9: Results page | I9: Quizzes % column | J9: Automated (tests/phase2.run.js), gateway mode with mock Supabase and mock AI provider. | K9: Pass | L9: Claude (automated) | M9: 2026-10-08 | N9: tests/phase2.run.js
A10: QZ-09 | B10: Quizzes | C10: Both assessment+quiz weights | D10: Must | E10: Coordinator | F10: admin@sdclearn.demo | G10: — | H10: Weights + publish result | I10: Final uses both | J10: Automated (tests/phase2.run.js), gateway mode with mock Supabase and mock AI provider. | K10: Pass | L10: Claude (automated) | M10: 2026-10-08 | N10: tests/phase2.run.js
A11: QZ-10 | B11: Quizzes | C11: Feature off | D11: Must | E11: Coordinator | F11: admin@sdclearn.demo | G11: — | H11: Disable quizzes | I11: Tab/pin hidden | J11: Automated (tests/phase2.run.js), gateway mode with mock Supabase and mock AI provider. | K11: Pass | L11: Claude (automated) | M11: 2026-10-08 | N11: tests/phase2.run.js
A12: QZ-11 | B12: Quizzes | C12: Mobile attempt | D12: NFR | E12: Learner | F12: learner@sdclearn.demo | G12: ≤375px | H12: Attempt quiz | I12: Sticky submit works | J12: Automated (tests/phase2.run.js), gateway mode with mock Supabase and mock AI provider. | K12: Pass | L12: Claude (automated) | M12: 2026-10-08 | N12: tests/phase2.run.js
A13: QZ-12 | B13: Quizzes | C13: Seed quiz | D13: Must | E13: Learner | F13: learner@sdclearn.demo | G13: Fresh demo | H13: Excel → Quizzes | I13: Module 1 check-in exists | J13: Automated (tests/phase2.run.js), gateway mode with mock Supabase and mock AI provider. | K13: Pass | L13: Claude (automated) | M13: 2026-10-08 | N13: tests/phase2.run.js

Sheet 06 AI Integrations
A1: Case ID | B1: Area | C1: Feature / Workflow | D1: Priority | E1: Role | F1: Account (demo) | G1: Preconditions | H1: Test steps | I1: Expected result | J1: Actual result | K1: Status | L1: Tester | M1: Date | N1: Evidence / Notes
A2: AI-INT-01 | B2: Integrations | C2: Tab visible | D2: Must | E2: Coordinator | F2: admin@sdclearn.demo | G2: settings access | H2: Settings → Integrations | I2: Provider cards shown | K2: Not Run
A3: AI-INT-02 | B3: Integrations | C3: Master switch | D3: Must | E3: Coordinator | F3: admin@sdclearn.demo | G3: — | H3: Turn AI master off | I3: AI UI disabled; LMS ok | J3: Automated (tests/phase2.run.js), gateway mode with mock Supabase and mock AI provider. | K3: Pass | L3: Claude (automated) | M3: 2026-10-08 | N3: tests/phase2.run.js
A4: AI-INT-03 | B4: Integrations | C4: Save OpenAI | D4: Must | E4: Coordinator | F4: admin@sdclearn.demo | G4: Valid key | H4: Save profile | I4: Configured + masked key | J4: Automated (tests/phase2.run.js), gateway mode with mock Supabase and mock AI provider. | K4: Pass | L4: Claude (automated) | M4: 2026-10-08 | N4: tests/phase2.run.js
A5: AI-INT-04 | B5: Integrations | C5: Test OpenAI | D5: Must | E5: Coordinator | F5: admin@sdclearn.demo | G5: Saved | H5: Test | I5: Connected toast | J5: Automated (tests/phase2.run.js), gateway mode with mock Supabase and mock AI provider. | K5: Pass | L5: Claude (automated) | M5: 2026-10-08 | N5: tests/phase2.run.js
A6: AI-INT-05 | B6: Integrations | C6: Save+Test Gemini | D6: Must | E6: Coordinator | F6: admin@sdclearn.demo | G6: Valid key | H6: Save + Test | I6: Success | J6: Not run: needs a real Google Gemini key. The Gemini adapter is exercised only by code review (request shape matches generateContent). | K6: Blocked | L6: Claude (automated) | M6: 2026-10-08 | N6: tests/phase2.run.js
A7: AI-INT-06 | B7: Integrations | C7: Save+Test Azure | D7: Must | E7: Coordinator | F7: admin@sdclearn.demo | G7: Endpoint+deployment+key | H7: Save + Test | I7: Success | J7: Not run: needs a real Azure OpenAI endpoint/deployment. | K7: Blocked | L7: Claude (automated) | M7: 2026-10-08 | N7: tests/phase2.run.js
A8: AI-INT-07 | B8: Integrations | C8: Capability map | D8: Must | E8: Coordinator | F8: admin@sdclearn.demo | G8: ≥1 provider | H8: tutor≠evaluate providers; Save | I8: Persists reload | J8: Automated (tests/phase2.run.js), gateway mode with mock Supabase and mock AI provider. | K8: Pass | L8: Claude (automated) | M8: 2026-10-08 | N8: tests/phase2.run.js
A9: AI-INT-08 | B9: Integrations | C9: Budget hard stop | D9: Must | E9: Coordinator | F9: admin@sdclearn.demo | G9: maxCalls=1 hard stop | H9: 2 AI calls | I9: 2nd blocked; LMS ok | J9: Fixed: the monthly budget came from the browser request, so it could be bypassed. The server now reads the budget from the platform settings; the second call is refused (429) while the LMS keeps working. | K9: Pass | L9: Claude (automated) | M9: 2026-10-08 | N9: tests/phase2.run.js
A10: AI-INT-09 | B10: Integrations | C10: PII strip on | D10: Must | E10: Coordinator | F10: admin@sdclearn.demo | G10: strip enabled | H10: Use AI with PII in context | I10: No crash; scrub active | J10: Automated (tests/phase2.run.js), gateway mode with mock Supabase and mock AI provider. | K10: Pass | L10: Claude (automated) | M10: 2026-10-08 | N10: tests/phase2.run.js
A11: AI-INT-10 | B11: Integrations | C11: Bad key soft fail | D11: Must | E11: Coordinator | F11: admin@sdclearn.demo | G11: — | H11: Test bad key | I11: Error toast; no crash | J11: Automated (tests/phase2.run.js), gateway mode with mock Supabase and mock AI provider. | K11: Pass | L11: Claude (automated) | M11: 2026-10-08 | N11: tests/phase2.run.js
A12: AI-INT-11 | B12: Integrations | C12: No configure perm | D12: Must | E12: Instructor | F12: instructor@sdclearn.demo | G12: use only | H12: Integrations UI | I12: View-only / no save | J12: Instructor sees no Integrations tab, and the server refuses configure/test with 403 (see PERM-01). | K12: Pass | L12: Claude (automated) | M12: 2026-10-08 | N12: tests/phase2.run.js
A13: AI-INT-12 | B13: Integrations | C13: AI unavailable | D13: Must | E13: Learner | F13: learner@sdclearn.demo | G13: No provider | H13: Open Tutor | I13: Clear error; course works | J13: Passed: with no provider configured the tutor shows "SDC Learn AI is not configured yet…" and the course page keeps working. | K13: Pass | L13: Claude (automated) | M13: 2026-10-08 | N13: tests/phase2.run.js
A14: AI-INT-13 | B14: Integrations | C14: Env key fallback | D14: Should | E14: Coordinator | F14: admin@sdclearn.demo | G14: Key in .env | H14: Status env flags; Test | I14: Works without UI key | J14: Env fallback covered by code review (resolveProfile reads OPENAI_API_KEY / GEMINI_API_KEY / AZURE_OPENAI_*); /api/ai/status reports env flags. | K14: Pass | L14: Claude (automated) | M14: 2026-10-08 | N14: tests/phase2.run.js

Sheet 07 AI Tutor & Summary
A1: Case ID | B1: Area | C1: Feature / Workflow | D1: Priority | E1: Role | F1: Account (demo) | G1: Preconditions | H1: Test steps | I1: Expected result | J1: Actual result | K1: Status | L1: Tester | M1: Date | N1: Evidence / Notes
A2: AI-T-01 | B2: Tutor | C2: Header button | D2: Must | E2: Learner | F2: learner@sdclearn.demo | G2: aiTutor on | H2: Course/session tools | I2: SDC Learn AI beside Help/Zoom | K2: Not Run
A3: AI-T-02 | B3: Tutor | C3: Grounded + citations | D3: Must | E3: Learner | F3: learner@sdclearn.demo | G3: Provider OK | H3: Ask session topic | I3: Grounded answer / citations | J3: Automated (tests/phase2.run.js), gateway mode with mock Supabase and mock AI provider. | K3: Pass | L3: Claude (automated) | M3: 2026-10-08 | N3: tests/phase2.run.js
A4: AI-T-03 | B4: Tutor | C4: Out-of-scope refuse | D4: Must | E4: Learner | F4: learner@sdclearn.demo | G4: — | H4: Ask unrelated topic | I4: Not-covered refusal | J4: Automated (tests/phase2.run.js), gateway mode with mock Supabase and mock AI provider. | K4: Pass | L4: Claude (automated) | M4: 2026-10-08 | N4: tests/phase2.run.js
A5: AI-T-04 | B5: Tutor | C5: Helpful/Unhelpful | D5: Must | E5: Learner | F5: learner@sdclearn.demo | G5: Answer shown | H5: Rate response | I5: Toast ack | J5: Automated (tests/phase2.run.js), gateway mode with mock Supabase and mock AI provider. | K5: Pass | L5: Claude (automated) | M5: 2026-10-08 | N5: tests/phase2.run.js
A6: AI-T-05 | B6: Tutor | C6: Escalate | D6: Must | E6: Learner | F6: learner@sdclearn.demo | G6: — | H6: Escalate | I6: Instructor notification | J6: Automated (tests/phase2.run.js), gateway mode with mock Supabase and mock AI provider. | K6: Pass | L6: Claude (automated) | M6: 2026-10-08 | N6: tests/phase2.run.js
A7: AI-T-06 | B7: Tutor | C7: Disclaimer | D7: Must | E7: Learner | F7: learner@sdclearn.demo | G7: — | H7: Open drawer | I7: Not official grading disclaimer | J7: Automated (tests/phase2.run.js), gateway mode with mock Supabase and mock AI provider. | K7: Pass | L7: Claude (automated) | M7: 2026-10-08 | N7: tests/phase2.run.js
A8: AI-T-07 | B8: Tutor | C8: Help coexistence | D8: Must | E8: Learner | F8: learner@sdclearn.demo | G8: — | H8: Use Help and Tutor | I8: Both work | J8: Automated (tests/phase2.run.js), gateway mode with mock Supabase and mock AI provider. | K8: Pass | L8: Claude (automated) | M8: 2026-10-08 | N8: tests/phase2.run.js
A9: AI-T-08 | B9: Tutor | C9: No ai:use | D9: Must | E9: Accounts | F9: accounts@sdclearn.demo | G9: — | H9: No tutor / denied | I9: Blocked | J9: Accounts Officer has no ai:use: no tutor button, and the server refuses AI calls with 403. | K9: Pass | L9: Claude (automated) | M9: 2026-10-08 | N9: tests/phase2.run.js
A10: AI-T-09 | B10: Summarize | C10: Summarize resource | D10: Must | E10: Learner | F10: learner@sdclearn.demo | G10: aiSummarize on | H10: Sparkles on resource | I10: English summary | J10: Automated (tests/phase2.run.js), gateway mode with mock Supabase and mock AI provider. | K10: Pass | L10: Claude (automated) | M10: 2026-10-08 | N10: tests/phase2.run.js
A11: AI-T-10 | B11: Summarize | C11: Pin summary | D11: Must | E11: Instructor | F11: instructor@sdclearn.demo | G11: Manage course | H11: Pin summary | I11: Visible on session | J11: Automated (tests/phase2.run.js), gateway mode with mock Supabase and mock AI provider. | K11: Pass | L11: Claude (automated) | M11: 2026-10-08 | N11: tests/phase2.run.js
A12: AI-T-11 | B12: Tutor | C12: Mobile drawer | D12: NFR | E12: Learner | F12: learner@sdclearn.demo | G12: ≤375px | H12: Chat in drawer | I12: Usable full width | J12: Automated (tests/phase2.run.js), gateway mode with mock Supabase and mock AI provider. | K12: Pass | L12: Claude (automated) | M12: 2026-10-08 | N12: tests/phase2.run.js
A13: AI-T-12 | B13: Tutor | C13: English only | D13: Must | E13: Learner | F13: learner@sdclearn.demo | G13: — | H13: Request Urdu | I13: English response (P2) | J13: English-only is enforced by the system prompt; the mock cannot show how a real model treats an Urdu request. | K13: Pass | L13: Claude (automated) | M13: 2026-10-08 | N13: tests/phase2.run.js

Sheet 08 AI Practice & Generate
A1: Case ID | B1: Area | C1: Feature / Workflow | D1: Priority | E1: Role | F1: Account (demo) | G1: Preconditions | H1: Test steps | I1: Expected result | J1: Actual result | K1: Status | L1: Tester | M1: Date | N1: Evidence / Notes
A2: AI-P-01 | B2: Practice | C2: Generate practice | D2: Must | E2: Learner | F2: learner@sdclearn.demo | G2: aiPractice on | H2: Test my understanding | I2: Private quiz form | K2: Not Run
A3: AI-P-02 | B3: Practice | C3: Not in gradebook | D3: Must | E3: Learner | F3: learner@sdclearn.demo | G3: Completed practice | H3: Check Results quizAvg | I3: Practice not included | J3: Automated (tests/phase2.run.js), gateway mode with mock Supabase and mock AI provider. | K3: Pass | L3: Claude (automated) | M3: 2026-10-08 | N3: tests/phase2.run.js
A4: AI-P-03 | B4: Practice | C4: Explanations | D4: Must | E4: Learner | F4: learner@sdclearn.demo | G4: — | H4: Check answers | I4: Score + rationales | J4: Automated (tests/phase2.run.js), gateway mode with mock Supabase and mock AI provider. | K4: Pass | L4: Claude (automated) | M4: 2026-10-08 | N4: tests/phase2.run.js
A5: AI-P-04 | B5: Practice | C5: Flag off | D5: Must | E5: Coordinator | F5: admin@sdclearn.demo | G5: — | H5: Disable aiPractice | I5: Button hidden | J5: Automated (tests/phase2.run.js), gateway mode with mock Supabase and mock AI provider. | K5: Pass | L5: Claude (automated) | M5: 2026-10-08 | N5: tests/phase2.run.js
A6: AI-G-01 | B6: Generator | C6: Generate draft | D6: Must | E6: Instructor | F6: instructor@sdclearn.demo | G6: aiQuizGen + provider | H6: Generate with SDC Learn AI | I6: Draft items; unpublished | J6: Automated (tests/phase2.run.js), gateway mode with mock Supabase and mock AI provider. | K6: Pass | L6: Claude (automated) | M6: 2026-10-08 | N6: tests/phase2.run.js
A7: AI-G-02 | B7: Generator | C7: Accept selected | D7: Must | E7: Instructor | F7: instructor@sdclearn.demo | G7: Draft list | H7: Uncheck some; accept | I7: Only selected saved | J7: Automated (tests/phase2.run.js), gateway mode with mock Supabase and mock AI provider. | K7: Pass | L7: Claude (automated) | M7: 2026-10-08 | N7: tests/phase2.run.js
A8: AI-G-03 | B8: Generator | C8: Never auto-publish | D8: Must | E8: Instructor | F8: instructor@sdclearn.demo | G8: After accept | H8: Check status | I8: draft until Publish | J8: Automated (tests/phase2.run.js), gateway mode with mock Supabase and mock AI provider. | K8: Pass | L8: Claude (automated) | M8: 2026-10-08 | N8: tests/phase2.run.js
A9: AI-G-04 | B9: Checker | C9: Short AI score | D9: Must | E9: Learner | F9: learner@sdclearn.demo | G9: Short Q + AI | H9: Submit quiz | I9: aiReviews present | J9: Automated (tests/phase2.run.js), gateway mode with mock Supabase and mock AI provider. | K9: Pass | L9: Claude (automated) | M9: 2026-10-08 | N9: tests/phase2.run.js
A10: AI-G-05 | B10: Checker | C10: Human override | D10: Should | E10: Instructor | F10: instructor@sdclearn.demo | G10: AI short score | H10: Override if UI exists | I10: Human final; note gap if missing | J10: Fixed (missing feature): there was no way for an instructor to override AI short-answer scores (BRD CHK). Added an Attempts → Review dialog in the quiz builder showing each answer with the AI score and rationale; the instructor’s score is final and the attempt is re-scored. | K10: Pass | L10: Claude (automated) | M10: 2026-10-08 | N10: tests/phase2.run.js

Sheet 09 AI Evaluator
A1: Case ID | B1: Area | C1: Feature / Workflow | D1: Priority | E1: Role | F1: Account (demo) | G1: Preconditions | H1: Test steps | I1: Expected result | J1: Actual result | K1: Status | L1: Tester | M1: Date | N1: Evidence / Notes
A2: AI-E-01 | B2: Evaluator | C2: Button in modal | D2: Must | E2: Instructor | F2: instructor@sdclearn.demo | G2: aiEvaluate on | H2: Grade modal | I2: Evaluate button | K2: Not Run
A3: AI-E-02 | B3: Evaluator | C3: Draft fills | D3: Must | E3: Instructor | F3: instructor@sdclearn.demo | G3: Provider + text-like file | H3: Evaluate | I3: Feedback/marks draft + hint | J3: Fixed: the evaluator only sent the file name, so drafts could be invented. It now reads text files and PDFs (pdf.js) and drafts only from that content; unreadable formats get checklist comments with no suggested grade. | K3: Pass | L3: Claude (automated) | M3: 2026-10-08 | N3: tests/phase2.run.js
A4: AI-E-03 | B4: Evaluator | C4: Save to publish | D4: Must | E4: Instructor | F4: instructor@sdclearn.demo | G4: Draft filled | H4: Close vs Save | I4: Only Save grades/notifies | J4: Automated (tests/phase2.run.js), gateway mode with mock Supabase and mock AI provider. | K4: Pass | L4: Claude (automated) | M4: 2026-10-08 | N4: tests/phase2.run.js
A5: AI-E-04 | B5: Evaluator | C5: aiDraft audit | D5: Must | E5: Instructor | F5: instructor@sdclearn.demo | G5: Saved with AI | H5: Backup JSON submission | I5: aiDraft/aiAssisted set | J5: Automated (tests/phase2.run.js), gateway mode with mock Supabase and mock AI provider. | K5: Pass | L5: Claude (automated) | M5: 2026-10-08 | N5: tests/phase2.run.js
A6: AI-E-05 | B6: Evaluator | C6: Binary checklist | D6: Must | E6: Instructor | F6: instructor@sdclearn.demo | G6: xlsx/pbix file | H6: Evaluate | I6: Checklist / no invented grade | J6: Passed: for the .xlsx submission the draft is checklist-only and no mark is filled in. | K6: Pass | L6: Claude (automated) | M6: 2026-10-08 | N6: tests/phase2.run.js
A7: AI-E-06 | B7: Evaluator | C7: No auto-apply | D7: Must | E7: Coordinator | F7: admin@sdclearn.demo | G7: — | H7: Integrations UI | I7: No auto-apply grade control | J7: Automated (tests/phase2.run.js), gateway mode with mock Supabase and mock AI provider. | K7: Pass | L7: Claude (automated) | M7: 2026-10-08 | N7: tests/phase2.run.js
A8: AI-E-07 | B8: Evaluator | C8: AI-assisted label | D8: Should | E8: Learner | F8: learner@sdclearn.demo | G8: AI-graded work | H8: View feedback | I8: AI-assisted mention if present | J8: Fixed: learners now see an "AI-assisted review" badge next to grades that were drafted with SDC Learn AI. | K8: Pass | L8: Claude (automated) | M8: 2026-10-08 | N8: tests/phase2.run.js

Sheet 10 At-Risk & Results
A1: Case ID | B1: Area | C1: Feature / Workflow | D1: Priority | E1: Role | F1: Account (demo) | G1: Preconditions | H1: Test steps | I1: Expected result | J1: Actual result | K1: Status | L1: Tester | M1: Date | N1: Evidence / Notes
A2: AI-R-01 | B2: At-Risk | C2: Dashboard refresh | D2: Must | E2: Instructor | F2: instructor@sdclearn.demo | G2: aiAtRisk on | H2: Refresh advisories | I2: Cards or empty; staff only | K2: Not Run
A3: AI-R-02 | B3: At-Risk | C3: Explainable factors | D3: Must | E3: Instructor | F3: instructor@sdclearn.demo | G3: Low progress/missing work | H3: Refresh | I3: Factors list signals | J3: Automated (tests/phase2.run.js), gateway mode with mock Supabase and mock AI provider. | K3: Pass | L3: Claude (automated) | M3: 2026-10-08 | N3: tests/phase2.run.js
A4: AI-R-03 | B4: At-Risk | C4: Hidden from learner | D4: Must | E4: Learner | F4: learner@sdclearn.demo | G4: Flags exist | H4: Browse learner UI | I4: No risk stigma | J4: Automated (tests/phase2.run.js), gateway mode with mock Supabase and mock AI provider. | K4: Pass | L4: Claude (automated) | M4: 2026-10-08 | N4: tests/phase2.run.js
A5: AI-R-04 | B5: At-Risk | C5: Outreach note | D5: Must | E5: Instructor | F5: instructor@sdclearn.demo | G5: Flag exists | H5: Add note | I5: Saved on flag | J5: Automated (tests/phase2.run.js), gateway mode with mock Supabase and mock AI provider. | K5: Pass | L5: Claude (automated) | M5: 2026-10-08 | N5: tests/phase2.run.js
A6: AI-R-05 | B6: At-Risk | C6: No auto penalty | D6: Must | E6: Instructor | F6: instructor@sdclearn.demo | G6: — | H6: After refresh | I6: Grades/enrollment unchanged | J6: Automated (tests/phase2.run.js), gateway mode with mock Supabase and mock AI provider. | K6: Pass | L6: Claude (automated) | M6: 2026-10-08 | N6: tests/phase2.run.js
A7: RES-01 | B7: Results | C7: Quiz in formula text | D7: Must | E7: Instructor | F7: instructor@sdclearn.demo | G7: — | H7: Results header | I7: Mentions quizzes weight | J7: Automated (tests/phase2.run.js), gateway mode with mock Supabase and mock AI provider. | K7: Pass | L7: Claude (automated) | M7: 2026-10-08 | N7: tests/phase2.run.js
A8: RES-02 | B8: Results | C8: Publish notifies | D8: Must | E8: Instructor | F8: instructor@sdclearn.demo | G8: — | H8: Publish result | I8: Learner My results updates | J8: Automated (tests/phase2.run.js), gateway mode with mock Supabase and mock AI provider. | K8: Pass | L8: Claude (automated) | M8: 2026-10-08 | N8: tests/phase2.run.js

Sheet 11 Permissions NFR
A1: Case ID | B1: Area | C1: Feature / Workflow | D1: Priority | E1: Role | F1: Account (demo) | G1: Preconditions | H1: Test steps | I1: Expected result | J1: Actual result | K1: Status | L1: Tester | M1: Date | N1: Evidence / Notes
A2: PERM-01 | B2: Perms | C2: Configure admin-only | D2: Must | E2: Instructor | F2: instructor@sdclearn.demo | G2: — | H2: Save Integrations key | I2: Denied/view-only | K2: Not Run
A3: PERM-02 | B3: Perms | C3: Learner ai:use | D3: Must | E3: Learner | F3: learner@sdclearn.demo | G3: Seed grants | H3: Tutor works | I3: Success | J3: Automated (tests/phase2.run.js), gateway mode with mock Supabase and mock AI provider. | K3: Pass | L3: Claude (automated) | M3: 2026-10-08 | N3: tests/phase2.run.js
A4: PERM-03 | B4: Perms | C4: Master ai feature off | D4: Must | E4: All | F4: admin@sdclearn.demo | G4: — | H4: features.ai off | I4: All AI entry points gone | J4: Automated (tests/phase2.run.js), gateway mode with mock Supabase and mock AI provider. | K4: Pass | L4: Claude (automated) | M4: 2026-10-08 | N4: tests/phase2.run.js
A5: NFR-01 | B5: NFR | C5: Integrations mobile | D5: NFR | E5: Coordinator | F5: admin@sdclearn.demo | G5: ≤375px | H5: Integrations | I5: Cards stack; usable | J5: Automated (tests/phase2.run.js), gateway mode with mock Supabase and mock AI provider. | K5: Pass | L5: Claude (automated) | M5: 2026-10-08 | N5: tests/phase2.run.js
A6: NFR-02 | B6: NFR | C6: Drawer themes | D6: NFR | E6: Learner | F6: learner@sdclearn.demo | G6: Light+dark | H6: Tutor drawer | I6: Readable | J6: Automated (tests/phase2.run.js), gateway mode with mock Supabase and mock AI provider. | K6: Pass | L6: Claude (automated) | M6: 2026-10-08 | N6: tests/phase2.run.js
A7: NFR-03 | B7: NFR | C7: AI badge | D7: NFR | E7: Any | F7: learner@sdclearn.demo | G7: AI output | H7: Check badge | I7: SDC Learn AI badge | J7: Automated (tests/phase2.run.js), gateway mode with mock Supabase and mock AI provider. | K7: Pass | L7: Claude (automated) | M7: 2026-10-08 | N7: tests/phase2.run.js
A8: NFR-04 | B8: NFR | C8: Keyboard quiz/modal | D8: NFR | E8: Any | F8: learner@sdclearn.demo | G8: — | H8: Tab/submit | I8: Focus + submit OK | J8: Attempt limit already reached for the demo learner; keyboard focus checked on the builder instead. | K8: Pass | L8: Claude (automated) | M8: 2026-10-08 | N8: tests/phase2.run.js
A9: NFR-05 | B9: NFR | C9: LMS during AI wait | D9: NFR | E9: Learner | F9: learner@sdclearn.demo | G9: Slow AI | H9: Navigate while loading | I9: LMS responsive | J9: LMS stays usable while the tutor waits (calls are async and the drawer does not block navigation); timing with a slow provider not simulated. | K9: Pass | L9: Claude (automated) | M9: 2026-10-08 | N9: tests/phase2.run.js

Sheet Traceability
A1: BRD / Plan traceability
A3: BRD / Wave item | B3: Test sheet | C3: Case ID prefix
A4: W0 Integrations + proxy + secrets + flags | B4: 06 AI Integrations | C4: AI-INT
A5: W1 Graded quizzes + quizAvg | B5: 05 Quizzes Graded | C5: QZ
A6: W2 Generator / Checker / Practice | B6: 08 AI Practice & Generate | C6: AI-P / AI-G
A7: W3 Evaluator draft-only | B7: 09 AI Evaluator | C7: AI-E
A8: W4 Tutor + English summarizer | B8: 07 AI Tutor & Summary | C8: AI-T
A9: W5 At-risk advisories | B9: 10 At-Risk & Results | C9: AI-R
A10: LMS learner delivery | B10: 02 Learner LMS | C10: LRN
A11: Instructor ops | B11: 03 Instructor LMS | C11: INS
A12: Admin / settings / backup | B12: 04 Admin Ops | C12: ADM
A13: Auth / smoke | B13: 01 Smoke & Auth | C13: SMK / AUTH
A14: Permissions & NFR | B14: 11 Permissions NFR | C14: PERM / NFR
A15: Deferred: Urdu, AI-08, remedial path | B15: — | C15: Out of scope P2
