Workbook

Sheet 00 Instructions
A1: SDC Learn — Full Manual Test Suite
A3: What | B3: Every manual test for the whole platform: sign-in, learner, instructor, coordinator, settings, quizzes, all AI features (incl. the AI Course Builder), sync, security and performance.
A4: Live site | B4: https://ead-university-portal-ten.vercel.app (sign-in: /login.html · verify: /verify.html)
A5: Local | B5: npm start → http://localhost:3000. Local servers never touch live data. For the AI Course Builder without a key: SDC_AI_MOCK=1 npm start (labelled demo sample, not AI).
A6: Demo accounts | B6: Password Demo@123 — Coordinator admin@sdclearn.demo · Instructor instructor@sdclearn.demo · Learner learner@sdclearn.demo · Accounts Officer accounts@sdclearn.demo
A7: AI tests | B7: Need a provider key in Settings → Integrations (enter it yourself). Without one, mark AI cases Blocked.
A8: AI Course Builder | B8: Off by default: Settings → Features → AI course generator. Saving a draft course needs the database function sdc_state_put_if (supabase/migrations/20261014000100_sdc_state_put_if.sql); /api/sdc/status shows "safeWrite": true when it is installed.
A9: Careful | B9: Do not run "Reset demo data" or destructive tests on live data without agreement.
A10: How to use | B10: Work sheet by sheet. Set Status (Pass / Fail / Blocked / N/A / Not Run), write the actual result, attach evidence. The Dashboard counts update automatically.

Sheet 99 Dashboard
A1: Execution dashboard
A2: Sheet | B2: Total | C2: Pass | D2: Fail | E2: Blocked | F2: N/A | G2: Not Run | H2: Pass %
A3: 01 Sign-in & Session | B3: 15 | C3: =COUNTIF('01 Sign-in & Session'!J3:J17,"Pass") | D3: =COUNTIF('01 Sign-in & Session'!J3:J17,"Fail") | E3: =COUNTIF('01 Sign-in & Session'!J3:J17,"Blocked") | F3: =COUNTIF('01 Sign-in & Session'!J3:J17,"N/A") | G3: =COUNTIF('01 Sign-in & Session'!J3:J17,"Not Run") | H3: =IFERROR(C3/(B3-F3),0)
A4: 02 Branding, UI & Access | B4: 11 | C4: =COUNTIF('02 Branding, UI & Access'!J3:J13,"Pass") | D4: =COUNTIF('02 Branding, UI & Access'!J3:J13,"Fail") | E4: =COUNTIF('02 Branding, UI & Access'!J3:J13,"Blocked") | F4: =COUNTIF('02 Branding, UI & Access'!J3:J13,"N/A") | G4: =COUNTIF('02 Branding, UI & Access'!J3:J13,"Not Run") | H4: =IFERROR(C4/(B4-F4),0)
A5: 03 Learner Portal | B5: 21 | C5: =COUNTIF('03 Learner Portal'!J3:J23,"Pass") | D5: =COUNTIF('03 Learner Portal'!J3:J23,"Fail") | E5: =COUNTIF('03 Learner Portal'!J3:J23,"Blocked") | F5: =COUNTIF('03 Learner Portal'!J3:J23,"N/A") | G5: =COUNTIF('03 Learner Portal'!J3:J23,"Not Run") | H5: =IFERROR(C5/(B5-F5),0)
A6: 04 Instructor | B6: 10 | C6: =COUNTIF('04 Instructor'!J3:J12,"Pass") | D6: =COUNTIF('04 Instructor'!J3:J12,"Fail") | E6: =COUNTIF('04 Instructor'!J3:J12,"Blocked") | F6: =COUNTIF('04 Instructor'!J3:J12,"N/A") | G6: =COUNTIF('04 Instructor'!J3:J12,"Not Run") | H6: =IFERROR(C6/(B6-F6),0)
A7: 05 Coordinator & Admin | B7: 15 | C7: =COUNTIF('05 Coordinator & Admin'!J3:J17,"Pass") | D7: =COUNTIF('05 Coordinator & Admin'!J3:J17,"Fail") | E7: =COUNTIF('05 Coordinator & Admin'!J3:J17,"Blocked") | F7: =COUNTIF('05 Coordinator & Admin'!J3:J17,"N/A") | G7: =COUNTIF('05 Coordinator & Admin'!J3:J17,"Not Run") | H7: =IFERROR(C7/(B7-F7),0)
A8: 06 Settings | B8: 7 | C8: =COUNTIF('06 Settings'!J3:J9,"Pass") | D8: =COUNTIF('06 Settings'!J3:J9,"Fail") | E8: =COUNTIF('06 Settings'!J3:J9,"Blocked") | F8: =COUNTIF('06 Settings'!J3:J9,"N/A") | G8: =COUNTIF('06 Settings'!J3:J9,"Not Run") | H8: =IFERROR(C8/(B8-F8),0)
A9: 07 Quizzes | B9: 9 | C9: =COUNTIF('07 Quizzes'!J3:J11,"Pass") | D9: =COUNTIF('07 Quizzes'!J3:J11,"Fail") | E9: =COUNTIF('07 Quizzes'!J3:J11,"Blocked") | F9: =COUNTIF('07 Quizzes'!J3:J11,"N/A") | G9: =COUNTIF('07 Quizzes'!J3:J11,"Not Run") | H9: =IFERROR(C9/(B9-F9),0)
A10: 08 AI Integrations | B10: 9 | C10: =COUNTIF('08 AI Integrations'!J3:J11,"Pass") | D10: =COUNTIF('08 AI Integrations'!J3:J11,"Fail") | E10: =COUNTIF('08 AI Integrations'!J3:J11,"Blocked") | F10: =COUNTIF('08 AI Integrations'!J3:J11,"N/A") | G10: =COUNTIF('08 AI Integrations'!J3:J11,"Not Run") | H10: =IFERROR(C10/(B10-F10),0)
A11: 09 AI Learning Features | B11: 12 | C11: =COUNTIF('09 AI Learning Features'!J3:J14,"Pass") | D11: =COUNTIF('09 AI Learning Features'!J3:J14,"Fail") | E11: =COUNTIF('09 AI Learning Features'!J3:J14,"Blocked") | F11: =COUNTIF('09 AI Learning Features'!J3:J14,"N/A") | G11: =COUNTIF('09 AI Learning Features'!J3:J14,"Not Run") | H11: =IFERROR(C11/(B11-F11),0)
A12: 10 AI Course Builder | B12: 30 | C12: =COUNTIF('10 AI Course Builder'!J3:J32,"Pass") | D12: =COUNTIF('10 AI Course Builder'!J3:J32,"Fail") | E12: =COUNTIF('10 AI Course Builder'!J3:J32,"Blocked") | F12: =COUNTIF('10 AI Course Builder'!J3:J32,"N/A") | G12: =COUNTIF('10 AI Course Builder'!J3:J32,"Not Run") | H12: =IFERROR(C12/(B12-F12),0)
A13: 11 Sync, Storage & Data | B13: 8 | C13: =COUNTIF('11 Sync, Storage & Data'!J3:J10,"Pass") | D13: =COUNTIF('11 Sync, Storage & Data'!J3:J10,"Fail") | E13: =COUNTIF('11 Sync, Storage & Data'!J3:J10,"Blocked") | F13: =COUNTIF('11 Sync, Storage & Data'!J3:J10,"N/A") | G13: =COUNTIF('11 Sync, Storage & Data'!J3:J10,"Not Run") | H13: =IFERROR(C13/(B13-F13),0)
A14: 12 Security & Performance | B14: 8 | C14: =COUNTIF('12 Security & Performance'!J3:J10,"Pass") | D14: =COUNTIF('12 Security & Performance'!J3:J10,"Fail") | E14: =COUNTIF('12 Security & Performance'!J3:J10,"Blocked") | F14: =COUNTIF('12 Security & Performance'!J3:J10,"N/A") | G14: =COUNTIF('12 Security & Performance'!J3:J10,"Not Run") | H14: =IFERROR(C14/(B14-F14),0)
A15: TOTAL | B15: =SUM(B3:B14) | C15: =SUM(C3:C14) | D15: =SUM(D3:D14) | E15: =SUM(E3:E14) | F15: =SUM(F3:F14) | G15: =SUM(G3:G14) | H15: =IFERROR(C15/(B15-F15),0)
A17: Release gate: every Must case Pass (or N/A with a reason). Any Fail blocks release.
A18: Tester:
A19: Date:
A20: Build / commit:

Sheet 01 Sign-in & Session
A1: 01 Sign-in & Session
A2: Case ID | B2: Area | C2: Feature / Workflow | D2: Priority | E2: Role / Account | F2: Preconditions | G2: Test steps | H2: Expected result | I2: Actual result | J2: Status | K2: Tester | L2: Date | M2: Evidence / Notes
A3: AUTH-01 | B3: Sign-in & Session | C3: Coordinator sign-in | D3: Must | E3: admin@sdclearn.demo | F3: Password Demo@123 | G3: 1. Open /login.html 2. Enter email + password 3. Sign in | H3: Staff dashboard opens; name shows top right | J3: Not Run
A4: AUTH-02 | B4: Sign-in & Session | C4: Instructor sign-in | D4: Must | E4: instructor@sdclearn.demo | G4: Sign in | H4: Instructor dashboard with assigned courses only | J4: Not Run
A5: AUTH-03 | B5: Sign-in & Session | C5: Learner sign-in | D5: Must | E5: learner@sdclearn.demo | G5: Sign in | H5: My Courses opens | J5: Not Run
A6: AUTH-04 | B6: Sign-in & Session | C6: Demo account shortcuts | D6: Should | E6: Guest (signed out) | F6: Demo accounts shown | G6: Click Coordinator / Instructor / Learner chip, then Sign in | H6: Fields fill; sign-in succeeds | J6: Not Run
A7: AUTH-05 | B7: Sign-in & Session | C7: Wrong password | D7: Must | E7: Guest (signed out) | G7: Valid email, wrong password | H7: "Email or password is incorrect."; no session | J7: Not Run
A8: AUTH-06 | B8: Sign-in & Session | C8: Unknown email | D8: Must | E8: Guest (signed out) | G8: Unregistered email | H8: Same generic error (does not reveal which emails exist) | J8: Not Run
A9: AUTH-07 | B9: Sign-in & Session | C9: Inactive account | D9: Must | E9: admin@sdclearn.demo | F9: Set a learner to Inactive (People) | G9: Sign in as that learner | H9: "This account is not active…"; blocked | J9: Not Run
A10: AUTH-08 | B10: Sign-in & Session | C10: Remember me | D10: Should | E10: learner@sdclearn.demo | G10: Tick Keep me signed in, sign in, close and reopen the browser | H10: Still signed in | J10: Not Run
A11: AUTH-09 | B11: Sign-in & Session | C11: Session survives reload | D11: Must | E11: learner@sdclearn.demo | F11: Signed in | G11: Reload on a course page | H11: Same page, still signed in | J11: Not Run
A12: AUTH-10 | B12: Sign-in & Session | C12: Sign out clears data | D12: Must | E12: learner@sdclearn.demo | F12: Signed in | G12: User menu → Sign out | H12: Back on login; reopening app.html asks to sign in | J12: Not Run
A13: AUTH-11 | B13: Sign-in & Session | C13: Direct URL when signed out | D13: Must | E13: Guest (signed out) | F13: Signed out | G13: Open app.html#/dashboard | H13: Redirected to sign-in | J13: Not Run
A14: AUTH-12 | B14: Sign-in & Session | C14: Forgot password info | D14: Should | E14: Guest (signed out) | G14: Click Forgot password? | H14: Dialog with coordinator email/phone | J14: Not Run
A15: AUTH-13 | B15: Sign-in & Session | C15: Continue with Google (registered email) | D15: Should | E15: Guest (signed out) | F15: Google enabled in Supabase | G15: Continue with Google → pick an account whose email is registered | H15: Signed in to the matching platform account | J15: Not Run
A16: AUTH-14 | B16: Sign-in & Session | C16: Continue with Google (unknown email) | D16: Should | E16: Guest (signed out) | F16: No Google sign-up role set | G16: Use an unregistered Google account | H16: Clear "isn't registered" message; no account created | J16: Not Run
A17: AUTH-15 | B17: Sign-in & Session | C17: Privacy and Terms pages | D17: Should | E17: Guest (signed out) | G17: Open the links under the sign-in card | H17: Pages load with SDC branding | J17: Not Run

Sheet 02 Branding, UI & Access
A1: 02 Branding, UI & Access
A2: Case ID | B2: Area | C2: Feature / Workflow | D2: Priority | E2: Role / Account | F2: Preconditions | G2: Test steps | H2: Expected result | I2: Actual result | J2: Status | K2: Tester | L2: Date | M2: Evidence / Notes
A3: UI-01 | B3: Branding, UI & Access | C3: SDC branding everywhere | D3: Must | E3: Guest (signed out) | G3: Check login, app, verify page, footer | H3: SDC Learn / SDC Karachi branding; no "EAD" | J3: Not Run
A4: UI-02 | B4: Branding, UI & Access | C4: Contact details in footer | D4: Should | E4: admin@sdclearn.demo | G4: Read the footer | H4: (021) 99334387, 99334388 · sdckar@sdckarachi.org.pk · website link | J4: Not Run
A5: UI-03 | B5: Branding, UI & Access | C5: Light / dark theme | D5: NFR | E5: learner@sdclearn.demo | G5: Toggle theme, reload | H5: Theme switches with animation and persists | J5: Not Run
A6: UI-04 | B6: Branding, UI & Access | C6: Collapsible sidebar | D6: Should | E6: admin@sdclearn.demo | F6: Desktop | G6: Click the logo; collapse a nav group; reload | H6: Icon-only sidebar and collapsed groups are remembered | J6: Not Run
A7: UI-05 | B7: Branding, UI & Access | C7: Mobile layout (375 px) | D7: NFR | E7: learner@sdclearn.demo | F7: Phone or 375 px window | G7: Open login, My Courses, a course, a session, a quiz | H7: No sideways scrolling; menu opens as a drawer; buttons usable | J7: Not Run
A8: UI-06 | B8: Branding, UI & Access | C8: Tables paginate | D8: Should | E8: admin@sdclearn.demo | F8: 20+ learners | G8: Open Learners; search, sort, page 2 | H8: "Showing X–Y of Z"; search and sort work | J8: Not Run
A9: UI-07 | B9: Branding, UI & Access | C9: Keyboard: dialogs | D9: NFR | E9: admin@sdclearn.demo | G9: Open any dialog; press Tab repeatedly; press Escape | H9: Focus stays inside; Escape closes only the top dialog and returns focus | J9: Not Run
A10: UI-08 | B10: Branding, UI & Access | C10: Saved confirmation | D10: Should | E10: admin@sdclearn.demo | G10: Save any Settings tab | H10: "Settings saved." toast is visible | J10: Not Run
A11: UI-09 | B11: Branding, UI & Access | C11: Learner cannot open staff pages | D11: Must | E11: learner@sdclearn.demo | G11: Type #/dashboard, #/settings, #/roles in the address bar | H11: "Not available" page | J11: Not Run
A12: UI-10 | B12: Branding, UI & Access | C12: Instructor cannot open Settings | D12: Must | E12: instructor@sdclearn.demo | G12: Open #/settings | H12: "Not available" page | J12: Not Run
A13: UI-11 | B13: Branding, UI & Access | C13: Notifications | D13: Should | E13: learner@sdclearn.demo | F13: Has unread notifications | G13: Bell icon and Notifications menu item | H13: Count badge on both; marking read updates the counts | J13: Not Run

Sheet 03 Learner Portal
A1: 03 Learner Portal
A2: Case ID | B2: Area | C2: Feature / Workflow | D2: Priority | E2: Role / Account | F2: Preconditions | G2: Test steps | H2: Expected result | I2: Actual result | J2: Status | K2: Tester | L2: Date | M2: Evidence / Notes
A3: LRN-01 | B3: Learner Portal | C3: My Courses | D3: Must | E3: learner@sdclearn.demo | F3: Enrolled | G3: Open My Courses; search "Excel"; search "Photoshop"; clear | H3: Cards with progress; search filters; empty-state message; clear restores | J3: Not Run
A4: LRN-02 | B4: Learner Portal | C4: Pinned announcements | D4: Should | E4: learner@sdclearn.demo | F4: A pinned announcement exists | G4: Open My Courses | H4: Banner at the top | J4: Not Run
A5: LRN-03 | B5: Learner Portal | C5: Course home | D5: Must | E5: learner@sdclearn.demo | G5: Open a course | H5: Sessions with status badges; Outline / Submit / Quizzes pins; instructor of MY batch | J5: Not Run
A6: LRN-04 | B6: Learner Portal | C6: Session page | D6: Must | E6: learner@sdclearn.demo | G6: Open a past session | H6: Video, resources (Download + Summarize), Previous/Next, Zoom/Help in header | J6: Not Run
A7: LRN-05 | B7: Learner Portal | C7: Mark complete only after the session | D7: Must | E7: learner@sdclearn.demo | G7: Open an upcoming session; then a past one | H7: Upcoming: note instead of button. Past: Mark as complete updates progress | J7: Not Run
A8: LRN-06 | B8: Learner Portal | C8: Restricted access | D8: Must | E8: learner@sdclearn.demo | F8: Enrollment with selected sessions only | G8: Open a session not in the list | H8: Locked badge; no video or resources | J8: Not Run
A9: LRN-07 | B9: Learner Portal | C9: Zoom panel | D9: Must | E9: learner@sdclearn.demo | F9: Course has Zoom details | G9: Header → Zoom; copy Meeting ID | H9: Link, ID, passcode; "copied" toast | J9: Not Run
A10: LRN-08 | B10: Learner Portal | C10: Help panel | D10: Should | E10: learner@sdclearn.demo | G10: Header → Help | H10: Support form or email link | J10: Not Run
A11: LRN-09 | B11: Learner Portal | C11: Course outline | D11: Should | E11: learner@sdclearn.demo | G11: Open Outline; Print | H11: Outcomes, modules, delivery; print view | J11: Not Run
A12: LRN-10 | B12: Learner Portal | C12: Submit assignment | D12: Must | E12: learner@sdclearn.demo | F12: Pending assignment in my batch | G12: Submit page → choose assignment → type my email → attach .xlsx → Upload | H12: "Submission received"; instructor notified | J12: Not Run
A13: LRN-11 | B13: Learner Portal | C13: Wrong email / bad file / too big | D13: Must | E13: learner@sdclearn.demo | G13: Try a wrong email, a .exe, a 35 MB file | H13: Each refused with a clear message | J13: Not Run
A14: LRN-12 | B14: Learner Portal | C14: Replace until graded | D14: Must | E14: learner@sdclearn.demo | F14: Submitted, not graded | G14: Upload a new version; then try on a graded one | H14: Replaced (history kept); graded work is locked | J14: Not Run
A15: LRN-13 | B15: Learner Portal | C15: Late rules | D15: Should | E15: learner@sdclearn.demo | F15: Past-due assignments: one late allowed, one not | G15: Open both | H15: Late allowed → flagged Late; not allowed → closed | J15: Not Run
A16: LRN-14 | B16: Learner Portal | C16: Only my batch's work | D16: Must | E16: learner@sdclearn.demo | F16: Another batch of the same course has its own assignment | G16: Check My Assignments, course home, calendar | H16: Other batch's work never appears; work added for a new batch does not reach completed learners | J16: Not Run
A17: LRN-15 | B17: Learner Portal | C17: My assignments / calendar / attendance | D17: Should | E17: learner@sdclearn.demo | G17: Open each page | H17: Own data only; correct statuses | J17: Not Run
A18: LRN-16 | B18: Learner Portal | C18: My results | D18: Must | E18: learner@sdclearn.demo | F18: A published result | G18: Open Results | H18: Assignments, Quizzes, Assessment, Attendance, Final %, grade | J18: Not Run
A19: LRN-17 | B19: Learner Portal | C19: Certificates | D19: Must | E19: learner@sdclearn.demo | F19: Has a valid certificate | G19: View certificate; open its verify link | H19: Printable certificate with code; verify page says Valid | J19: Not Run
A20: LRN-18 | B20: Learner Portal | C20: Fees | D20: Should | E20: learner@sdclearn.demo | G20: Open Fees | H20: Only my fee records; billed / paid / outstanding | J20: Not Run
A21: LRN-19 | B21: Learner Portal | C21: Mid-course feedback | D21: Should | E21: learner@sdclearn.demo | F21: Progress above threshold | G21: Give 5 stars + comment | H21: Saved; prompt not shown again | J21: Not Run
A22: LRN-20 | B22: Learner Portal | C22: Profile and password | D22: Must | E22: learner@sdclearn.demo | G22: Edit phone; change password (wrong current, then right) | H22: Wrong current refused; new password works at next sign-in | J22: Not Run
A23: LRN-21 | B23: Learner Portal | C23: Messages | D23: Should | E23: learner@sdclearn.demo | G23: Send to instructor; instructor replies | H23: Unread dot and count for the receiver | J23: Not Run

Sheet 04 Instructor
A1: 04 Instructor
A2: Case ID | B2: Area | C2: Feature / Workflow | D2: Priority | E2: Role / Account | F2: Preconditions | G2: Test steps | H2: Expected result | I2: Actual result | J2: Status | K2: Tester | L2: Date | M2: Evidence / Notes
A3: INS-01 | B3: Instructor | C3: Course scope | D3: Must | E3: instructor@sdclearn.demo | G3: Open My Courses / Manage courses | H3: Only courses where I teach a batch | J3: Not Run
A4: INS-02 | B4: Instructor | C4: Course outline (sessions) | D4: Must | E4: instructor@sdclearn.demo | G4: Course Builder → Sessions: add, edit, reorder, attach a resource file | H4: Learners see the change | J4: Not Run
A5: INS-03 | B5: Instructor | C5: Batch workspace | D5: Must | E5: instructor@sdclearn.demo | G5: Course Builder → Batches → Open | H5: Assignments, Quizzes, Learners of that batch only | J5: Not Run
A6: INS-04 | B6: Instructor | C6: Assignment in a batch | D6: Must | E6: instructor@sdclearn.demo | G6: Batch → Assignments → Add (session, due, marks) | H6: Only that batch's learners see it and are notified | J6: Not Run
A7: INS-05 | B7: Instructor | C7: Copy from another batch | D7: Should | E7: instructor@sdclearn.demo | F7: Another batch has work | G7: Copy from another batch | H7: Copies arrive as drafts with due dates cleared | J7: Not Run
A8: INS-06 | B8: Instructor | C8: Grade a submission | D8: Must | E8: instructor@sdclearn.demo | F8: Pending submission | G8: Submissions → Grade → marks + feedback → Save | H8: Graded; learner notified | J8: Not Run
A9: INS-07 | B9: Instructor | C9: Attendance on the day only | D9: Must | E9: instructor@sdclearn.demo | F9: A session today and a past one | G9: Mark today's; open the past one | H9: Today saves; past is view-only with a note | J9: Not Run
A10: INS-08 | B10: Instructor | C10: Results | D10: Must | E10: instructor@sdclearn.demo | G10: Results → assessment % → Publish → Save | H10: Final uses the configured weights; learner notified | J10: Not Run
A11: INS-09 | B11: Instructor | C11: Course announcement | D11: Should | E11: instructor@sdclearn.demo | G11: New announcement for a course | H11: Only enrolled learners see it | J11: Not Run
A12: INS-10 | B12: Instructor | C12: At-risk advisories | D12: Should | E12: instructor@sdclearn.demo | G12: Dashboard → Refresh; add an outreach note | H12: Explainable factors; note saved; nothing changes for learners | J12: Not Run

Sheet 05 Coordinator & Admin
A1: 05 Coordinator & Admin
A2: Case ID | B2: Area | C2: Feature / Workflow | D2: Priority | E2: Role / Account | F2: Preconditions | G2: Test steps | H2: Expected result | I2: Actual result | J2: Status | K2: Tester | L2: Date | M2: Evidence / Notes
A3: ADM-01 | B3: Coordinator & Admin | C3: Programs / divisions / batches | D3: Must | E3: admin@sdclearn.demo | G3: Create, edit, delete each | H3: Lists update; delete blocked while in use | J3: Not Run
A4: ADM-02 | B4: Coordinator & Admin | C4: Program fills division and end date | D4: Should | E4: admin@sdclearn.demo | G4: New course → choose program → set start date | H4: Division set; end date from program duration | J4: Not Run
A5: ADM-03 | B5: Coordinator & Admin | C5: Batch names | D5: Should | E5: admin@sdclearn.demo | G5: New batch → course + delivery + start date | H5: Name auto-generated (e.g. Excel-Onsite-2027) | J5: Not Run
A6: ADM-04 | B6: Coordinator & Admin | C6: Course is a blueprint | D6: Must | E6: admin@sdclearn.demo | G6: Open a course in the Course Builder | H6: Overview / Sessions / Content / Batches / Learners; no course-level assignments or quizzes | J6: Not Run
A7: ADM-05 | B7: Coordinator & Admin | C7: Enrollment needs a batch | D7: Must | E7: admin@sdclearn.demo | F7: Course has batches | G7: Enroll without a batch; then with one; enroll the same learner again | H7: Batch required; duplicate refused | J7: Not Run
A8: ADM-06 | B8: Coordinator & Admin | C8: Learners / instructors CRUD | D8: Must | E8: admin@sdclearn.demo | G8: Create (password ≥ 8), edit, set Inactive | H8: Saved; password stored hashed | J8: Not Run
A9: ADM-07 | B9: Coordinator & Admin | C9: Delete user rules | D9: Must | E9: admin@sdclearn.demo | G9: Delete a learner with fees; then one without | H9: With fees: refused ("set Inactive"); without: deleted with their records | J9: Not Run
A10: ADM-08 | B10: Coordinator & Admin | C10: Roles: create and edit | D10: Must | E10: admin@sdclearn.demo | G10: New role, tick permissions, assign to a user | H10: User sees exactly those menus and buttons | J10: Not Run
A11: ADM-09 | B11: Coordinator & Admin | C11: Built-in Coordinator role | D11: Must | E11: admin@sdclearn.demo | G11: Edit the Coordinator role | H11: Locked, with note to use Duplicate | J11: Not Run
A12: ADM-10 | B12: Coordinator & Admin | C12: Role ceiling | D12: Must | E12: accounts@sdclearn.demo | F12: Accounts Officer can edit roles (grant it first) | G12: Try to grant a permission the Accounts Officer does not have | H12: Refused: cannot grant what you do not have | J12: Not Run
A13: ADM-11 | B13: Coordinator & Admin | C13: Certificates: eligibility, issue, revoke | D13: Must | E13: admin@sdclearn.demo | G13: Issue to an eligible learner; try an ineligible one; revoke with a reason | H13: Ineligible disabled; code SDC-YYYY-NNNN; verify shows Revoked | J13: Not Run
A14: ADM-12 | B14: Coordinator & Admin | C14: Fees | D14: Should | E14: admin@sdclearn.demo | G14: Create fee; mark paid with reference | H14: Pending → Paid with reference | J14: Not Run
A15: ADM-13 | B15: Coordinator & Admin | C15: Announcements to everyone (pinned) | D15: Should | E15: admin@sdclearn.demo | G15: New announcement, Everyone, pinned | H15: Shown on every dashboard and learner home | J15: Not Run
A16: ADM-14 | B16: Coordinator & Admin | C16: Reports and CSV exports | D16: Should | E16: admin@sdclearn.demo | G16: Reports → export each CSV | H16: Files download; enrollments/results include reg. no. and marks | J16: Not Run
A17: ADM-15 | B17: Coordinator & Admin | C17: Feedback page | D17: Should | E17: admin@sdclearn.demo | G17: Feedback → filter by course and rating | H17: Learner feedback with averages; delete works | J17: Not Run

Sheet 06 Settings
A1: 06 Settings
A2: Case ID | B2: Area | C2: Feature / Workflow | D2: Priority | E2: Role / Account | F2: Preconditions | G2: Test steps | H2: Expected result | I2: Actual result | J2: Status | K2: Tester | L2: Date | M2: Evidence / Notes
A3: SET-01 | B3: Settings | C3: Branding | D3: Must | E3: admin@sdclearn.demo | G3: Change product name and colours; save | H3: Applied across the app and login | J3: Not Run
A4: SET-02 | B4: Settings | C4: Terminology | D4: Must | E4: admin@sdclearn.demo | G4: Rename Learner → Trainee; save; restore defaults | H4: Labels change everywhere; defaults restore | J4: Not Run
A5: SET-03 | B5: Settings | C5: Learning rules | D5: Must | E5: admin@sdclearn.demo | G5: Change result weights, pass %, grade bands, upload limits | H5: Results text and grades follow the new values | J5: Not Run
A6: SET-04 | B6: Settings | C6: Feature switches | D6: Must | E6: admin@sdclearn.demo | G6: Flip Calendar off and on | H6: Saves instantly with a toast; menu item hides/returns | J6: Not Run
A7: SET-05 | B7: Settings | C7: Sign-in tab | D7: Should | E7: admin@sdclearn.demo | G7: Check provider status; copy redirect URL | H7: Shows whether Google is enabled; URL copies | J7: Not Run
A8: SET-06 | B8: Settings | C8: Backup and restore | D8: Must | E8: admin@sdclearn.demo | G8: Download backup; change something; restore the file | H8: Data returns to the backup; backup has no AI keys | J8: Not Run
A9: SET-07 | B9: Settings | C9: Reset demo data | D9: Should | E9: admin@sdclearn.demo | F9: Not on live data | G9: Data → Reset demo data → confirm | H9: Demo catalogue (incl. sample quiz) restored | J9: Not Run

Sheet 07 Quizzes
A1: 07 Quizzes
A2: Case ID | B2: Area | C2: Feature / Workflow | D2: Priority | E2: Role / Account | F2: Preconditions | G2: Test steps | H2: Expected result | I2: Actual result | J2: Status | K2: Tester | L2: Date | M2: Evidence / Notes
A3: QZ-01 | B3: Quizzes | C3: Build a quiz | D3: Must | E3: instructor@sdclearn.demo | F3: Batch workspace | G3: New quiz: MCQ (3 options), True/False, Short answer; save | H3: Draft saved with the right types | J3: Not Run
A4: QZ-02 | B4: Quizzes | C4: Validation | D4: Should | E4: instructor@sdclearn.demo | G4: Save an MCQ with no correct option | H4: Refused: mark the correct answer | J4: Not Run
A5: QZ-03 | B5: Quizzes | C5: Publish / unpublish | D5: Must | E5: instructor@sdclearn.demo | G5: Publish, then unpublish | H5: Learners of the batch can / cannot attempt | J5: Not Run
A6: QZ-04 | B6: Quizzes | C6: Attempt and score | D6: Must | E6: learner@sdclearn.demo | F6: Published quiz in my batch | G6: Answer and submit | H6: Objective items scored instantly | J6: Not Run
A7: QZ-05 | B7: Quizzes | C7: Attempt limit | D7: Must | E7: learner@sdclearn.demo | F7: Limit 2 | G7: Third attempt | H7: Blocked | J7: Not Run
A8: QZ-06 | B8: Quizzes | C8: Short answer review | D8: Must | E8: instructor@sdclearn.demo | F8: An attempt with a short answer | G8: Quiz → Attempts → Review → set points | H8: Instructor's score is final; attempt re-scored | J8: Not Run
A9: QZ-07 | B9: Quizzes | C9: Short answer with AI off | D9: Must | E9: learner@sdclearn.demo | F9: No AI provider | G9: Submit a short answer | H9: Marked pending, not zero | J9: Not Run
A10: QZ-08 | B10: Quizzes | C10: Quiz % in results | D10: Must | E10: admin@sdclearn.demo | G10: Results page (staff) and My results (learner) | H10: Quizzes % shown in both | J10: Not Run
A11: QZ-09 | B11: Quizzes | C11: Another batch's quiz | D11: Must | E11: learner@sdclearn.demo | G11: Open a quiz link from another batch | H11: "Quiz not available" | J11: Not Run

Sheet 08 AI Integrations
A1: 08 AI Integrations
A2: Case ID | B2: Area | C2: Feature / Workflow | D2: Priority | E2: Role / Account | F2: Preconditions | G2: Test steps | H2: Expected result | I2: Actual result | J2: Status | K2: Tester | L2: Date | M2: Evidence / Notes
A3: AIC-01 | B3: AI Integrations | C3: Integrations tab | D3: Must | E3: admin@sdclearn.demo | G3: Settings → Integrations | H3: Cards for OpenAI, Gemini, Azure OpenAI and Groq; master switch; usage | J3: Not Run
A4: AIC-02 | B4: AI Integrations | C4: Save and test a key | D4: Must | E4: admin@sdclearn.demo | F4: A real key (enter it yourself) | G4: Paste key, Save, Test | H4: Configured, key masked (e.g. sk-…abcd); "Connected" | J4: Not Run
A5: AIC-03 | B5: AI Integrations | C5: Wrong key | D5: Must | E5: admin@sdclearn.demo | G5: Test with a wrong key | H5: Clear "rejected the API key" message | J5: Not Run
A6: AIC-04 | B6: AI Integrations | C6: Groq: load models | D6: Should | E6: admin@sdclearn.demo | F6: Groq key | G6: Load models from Groq; pick one; Test | H6: Model list loads; connected | J6: Not Run
A7: AIC-05 | B7: AI Integrations | C7: Capability map | D7: Should | E7: admin@sdclearn.demo | G7: Point tutor and evaluate at different providers; save; reload | H7: Choices kept | J7: Not Run
A8: AIC-06 | B8: AI Integrations | C8: Budget hard stop | D8: Should | E8: admin@sdclearn.demo | G8: Set a tiny monthly budget with hard stop; use AI twice | H8: Second call refused; LMS keeps working | J8: Not Run
A9: AIC-07 | B9: AI Integrations | C9: Master switch off | D9: Must | E9: admin@sdclearn.demo | G9: Turn AI off | H9: Every AI button disappears for everyone; LMS works | J9: Not Run
A10: AIC-08 | B10: AI Integrations | C10: Only admins configure | D10: Must | E10: instructor@sdclearn.demo | G10: Open Integrations | H10: Not available / view only | J10: Not Run
A11: AIC-09 | B11: AI Integrations | C11: Keys never in the browser | D11: Must | E11: admin@sdclearn.demo | F11: Key saved | G11: Download a backup; search for the key | H11: Not present | J11: Not Run

Sheet 09 AI Learning Features
A1: 09 AI Learning Features
A2: Case ID | B2: Area | C2: Feature / Workflow | D2: Priority | E2: Role / Account | F2: Preconditions | G2: Test steps | H2: Expected result | I2: Actual result | J2: Status | K2: Tester | L2: Date | M2: Evidence / Notes
A3: AI-01 | B3: AI Learning Features | C3: Tutor answers from the course | D3: Must | E3: learner@sdclearn.demo | F3: Provider configured | G3: Session → SDC Learn AI → ask about the session | H3: Answer with Sources; disclaimer shown | J3: Not Run
A4: AI-02 | B4: AI Learning Features | C4: Tutor refuses other topics | D4: Must | E4: learner@sdclearn.demo | G4: Ask something unrelated | H4: "Not covered in the approved course materials…" | J4: Not Run
A5: AI-03 | B5: AI Learning Features | C5: Rate and escalate | D5: Should | E5: learner@sdclearn.demo | G5: Helpful / Escalate | H5: Toast; instructor of my batch notified | J5: Not Run
A6: AI-04 | B6: AI Learning Features | C6: Tutor keyboard | D6: NFR | E6: learner@sdclearn.demo | G6: Open drawer with Enter; type; press Enter; press Escape | H6: Focus in the box; Enter sends; Escape closes | J6: Not Run
A7: AI-05 | B7: AI Learning Features | C7: Summarize a resource | D7: Must | E7: learner@sdclearn.demo | G7: Resource → Summarize | H7: English summary with AI badge | J7: Not Run
A8: AI-06 | B8: AI Learning Features | C8: Pin a summary | D8: Should | E8: instructor@sdclearn.demo | G8: Summarize → Pin as official summary | H8: Learners see "Key concepts" on the session | J8: Not Run
A9: AI-07 | B9: AI Learning Features | C9: Practice quiz | D9: Must | E9: learner@sdclearn.demo | G9: Test my understanding → generate → answer | H9: Score with explanations; not in the gradebook | J9: Not Run
A10: AI-08 | B10: AI Learning Features | C10: Quiz generator | D10: Must | E10: instructor@sdclearn.demo | F10: Batch workspace | G10: Generate with SDC Learn AI → untick one → add | H10: Only selected questions; quiz stays draft | J10: Not Run
A11: AI-09 | B11: AI Learning Features | C11: Draft evaluator (readable file) | D11: Must | E11: instructor@sdclearn.demo | F11: A PDF or text submission | G11: Grade → SDC Learn AI → Evaluate | H11: Draft feedback and mark filled; nothing saved until Save | J11: Not Run
A12: AI-10 | B12: AI Learning Features | C12: Draft evaluator (unreadable file) | D12: Must | E12: instructor@sdclearn.demo | F12: An .xlsx submission | G12: Evaluate | H12: Checklist comments only, no suggested mark | J12: Not Run
A13: AI-11 | B13: AI Learning Features | C13: AI-assisted label | D13: Should | E13: learner@sdclearn.demo | F13: Graded with an AI draft | G13: My Assignments | H13: "AI-assisted review" badge | J13: Not Run
A14: AI-12 | B14: AI Learning Features | C14: AI unavailable | D14: Must | E14: learner@sdclearn.demo | F14: No provider | G14: Ask the tutor | H14: Clear "not configured" message; course still works | J14: Not Run

Sheet 10 AI Course Builder
A1: 10 AI Course Builder
A2: Case ID | B2: Area | C2: Feature / Workflow | D2: Priority | E2: Role / Account | F2: Preconditions | G2: Test steps | H2: Expected result | I2: Actual result | J2: Status | K2: Tester | L2: Date | M2: Evidence / Notes
A3: CB-01 | B3: AI Course Builder | C3: Off by default | D3: Must | E3: admin@sdclearn.demo | F3: Fresh settings | G3: Manage Courses | H3: No "Generate with SDC Learn AI" button; direct link shows "not available" | J3: Not Run
A4: CB-02 | B4: AI Course Builder | C4: Turn it on | D4: Must | E4: admin@sdclearn.demo | G4: Settings → Features → AI course generator on | H4: Button appears on Manage Courses | J4: Not Run
A5: CB-03 | B5: AI Course Builder | C5: Who can use it | D5: Must | E5: instructor@sdclearn.demo | F5: Feature on | G5: Check as instructor (no course create) and learner | H5: No button / not available | J5: Not Run
A6: CB-04 | B6: AI Course Builder | C6: Brief validation | D6: Must | E6: admin@sdclearn.demo | G6: Leave topic or audience empty; ask for more than 48 sessions; paste > 12,000 characters | H6: Each blocked on the form before any AI request | J6: Not Run
A7: CB-05 | B7: AI Course Builder | C7: Generate outline | D7: Must | E7: admin@sdclearn.demo | F7: Provider configured (or demo mode on a developer machine) | G7: Fill the brief → Generate | H7: Editable outline: title, outcomes, modules, sessions; warnings listed | J7: Not Run
A8: CB-06 | B8: AI Course Builder | C8: Edit the outline | D8: Must | E8: admin@sdclearn.demo | G8: Add / remove / reorder outcomes, modules, sessions; edit text | H8: Warnings recompute; over-limit text blocks saving | J8: Not Run
A9: CB-07 | B9: AI Course Builder | C9: Review and create draft | D9: Must | E9: admin@sdclearn.demo | F9: safe saving installed on the database (Settings shows it / ask IT) | G9: Review → Create draft course | H9: Course saved as Draft with an "AI draft" label; sessions created; nothing published, no fee/instructor/Zoom | J9: Not Run
A10: CB-08 | B10: AI Course Builder | C10: Save twice / reload during save | D10: Should | E10: admin@sdclearn.demo | G10: Press Create twice quickly; or reload while saving | H10: Only one course is created | J10: Not Run
A11: CB-09 | B11: AI Course Builder | C11: Discard | D11: Should | E11: admin@sdclearn.demo | G11: Discard draft | H11: Draft removed; nothing saved | J11: Not Run
A12: CB-10 | B12: AI Course Builder | C12: Content tab | D12: Must | E12: admin@sdclearn.demo | F12: AI draft course | G12: Course Builder → Content | H12: Provider line, completeness "N of M", course check | J12: Not Run
A13: CB-11 | B13: AI Course Builder | C13: Generate full content | D13: Must | E13: admin@sdclearn.demo | F13: Provider configured | G13: Generate Full Course Content with AI → confirm | H13: Parts written one by one and saved after each; progress visible | J13: Not Run
A14: CB-12 | B14: AI Course Builder | C14: Pause and switch provider | D14: Must | E14: admin@sdclearn.demo | F14: A provider that hits quota or a wrong key | G14: Start generation; when it pauses, Change provider → continue | H14: Only missing parts are written; Settings unchanged | J14: Not Run
A15: CB-13 | B15: AI Course Builder | C15: Your edits are kept | D15: Must | E15: admin@sdclearn.demo | F15: Content generated | G15: Edit a lesson; regenerate that session | H15: Your edit is not overwritten | J15: Not Run
A16: CB-14 | B16: AI Course Builder | C16: Repair with AI | D16: Should | E16: admin@sdclearn.demo | G16: Repair with AI on a field / code check | H16: Suggestion shown; applied only if accepted | J16: Not Run
A17: CB-15 | B17: AI Course Builder | C17: Code checks | D17: Should | E17: admin@sdclearn.demo | F17: A lesson with code | G17: View the session | H17: Problems listed; Approve disabled until resolved | J17: Not Run
A18: CB-16 | B18: AI Course Builder | C18: Approve a session | D18: Should | E18: admin@sdclearn.demo | F18: All three parts present | G18: Approve | H18: Approved; new AI text clears approval, your edit keeps it | J18: Not Run
A19: CB-17 | B19: AI Course Builder | C19: Create a draft quiz / assignment from content | D19: Must | E19: admin@sdclearn.demo | F19: Course has a batch | G19: View → create draft quiz in a batch | H19: Draft created in that batch only; not visible to learners until published | J19: Not Run
A20: CB-18 | B20: AI Course Builder | C20: Course check with AI | D20: Should | E20: admin@sdclearn.demo | G20: Check the course with AI | H20: Outcome coverage, missing topics, repetition | J20: Not Run
A21: CB-19 | B21: AI Course Builder | C21: Learners see content only when published | D21: Must | E21: learner@sdclearn.demo | F21: Draft course with content | G21: Learner opens the course (after enrolment) | H21: Nothing visible until the course is published | J21: Not Run
A22: CB-20 | B22: AI Course Builder | C22: Storage room check | D22: Should | E22: admin@sdclearn.demo | F22: Large course | G22: Generate content near the storage limit | H22: Asks first if results may not fit; refuses a save above the limit with a clear message | J22: Not Run
A23: CB-21 | B23: AI Course Builder | C23: YouTube key in Integrations | D23: Must | E23: admin@sdclearn.demo | F23: A YouTube Data API v3 key (enter it yourself) | G23: Settings → Integrations → YouTube videos: paste key, Save key, Test; then try a wrong key | H23: Configured, key masked; Test finds videos; a wrong key gives "YouTube refused the API key" | J23: Not Run
A24: CB-22 | B24: AI Course Builder | C24: Videos found automatically | D24: Must | E24: admin@sdclearn.demo | F24: YouTube key saved; AI provider configured | G24: Generate an outline → Review | H24: "Finding a video for each session…", then each session shows a thumbnail, title, channel and length; "N of M sessions" count | J24: Not Run
A25: CB-23 | B25: AI Course Builder | C25: No repeated videos | D25: Should | E25: admin@sdclearn.demo | F25: Review step with videos | G25: Compare the videos of all sessions | H25: No video appears in two sessions of the course | J25: Not Run
A26: CB-24 | B26: AI Course Builder | C26: Another / Remove / Paste link | D26: Must | E26: admin@sdclearn.demo | F26: Review step with videos | G26: Another video on one session; Remove on another; Paste a YouTube link (try a non-YouTube link first) | H26: Video swaps; removed shows "No video"; non-YouTube link refused; pasted video shown | J26: Not Run
A27: CB-25 | B27: AI Course Builder | C27: Find videos again | D27: Should | E27: admin@sdclearn.demo | F27: Some sessions without a video | G27: Find videos for sessions without one | H27: Only empty sessions are searched; others keep their video | J27: Not Run
A28: CB-26 | B28: AI Course Builder | C28: Videos saved with the draft | D28: Must | E28: admin@sdclearn.demo | F28: Review with videos | G28: Create draft course → Sessions tab → open a session as learner preview | H28: Sessions list shows "video"; session page plays the YouTube video with its title and channel under it | J28: Not Run
A29: CB-27 | B29: AI Course Builder | C29: No YouTube key | D29: Must | E29: admin@sdclearn.demo | F29: No YouTube key set | G29: Generate an outline → Review | H29: Clear note that no key is set; draft can still be created without videos | J29: Not Run
A30: CB-28 | B30: AI Course Builder | C30: Find videos for an existing course | D30: Should | E30: admin@sdclearn.demo | F30: A course with sessions that have no video | G30: Course Builder → Content → Find YouTube videos (N) → confirm | H30: Videos attached to empty sessions only; existing videos/recordings unchanged | J30: Not Run
A31: CB-29 | B31: AI Course Builder | C31: Changing a found video | D31: Should | E31: admin@sdclearn.demo | F31: A session with a found video | G31: Sessions tab → edit the session → change the video URL → save | H31: New video plays; the old title/channel line is gone | J31: Not Run
A32: CB-30 | B32: AI Course Builder | C32: Who can search videos | D32: Must | E32: instructor@sdclearn.demo | F32: Feature on | G32: As learner / instructor without course create, try the generator | H32: No access; only course creators (and editors in the Content tab) can search | J32: Not Run

Sheet 11 Sync, Storage & Data
A1: 11 Sync, Storage & Data
A2: Case ID | B2: Area | C2: Feature / Workflow | D2: Priority | E2: Role / Account | F2: Preconditions | G2: Test steps | H2: Expected result | I2: Actual result | J2: Status | K2: Tester | L2: Date | M2: Evidence / Notes
A3: SYN-01 | B3: Sync, Storage & Data | C3: Status chip | D3: Must | E3: admin@sdclearn.demo | F3: Live site | G3: Look at the chip in the top bar after a change | H3: "Connected — all changes are saved to the server" | J3: Not Run
A4: SYN-02 | B4: Sync, Storage & Data | C4: Two devices | D4: Must | E4: admin@sdclearn.demo | F4: Two browsers signed in | G4: Change a course title in one; reload the other | H4: Change appears | J4: Not Run
A5: SYN-03 | B5: Sync, Storage & Data | C5: Offline | D5: Should | E5: admin@sdclearn.demo | G5: Go offline, make a change, go online | H5: Warning while offline; change saved after reconnecting | J5: Not Run
A6: SYN-04 | B6: Sync, Storage & Data | C6: Conflicting edits | D6: Should | E6: admin@sdclearn.demo | F6: Two browsers | G6: Edit the same record in both | H6: No silent loss; conflict shown | J6: Not Run
A7: SYN-05 | B7: Sync, Storage & Data | C7: Session expired | D7: Should | E7: learner@sdclearn.demo | G7: Wait for expiry (or clear token) then save | H7: Banner asks to sign in again; unsaved changes kept | J7: Not Run
A8: SYN-06 | B8: Sync, Storage & Data | C8: Storage meter | D8: Should | E8: admin@sdclearn.demo | G8: Fill storage above 80 % | H8: Warning bar with Download backup | J8: Not Run
A9: SYN-07 | B9: Sync, Storage & Data | C9: Public certificate check | D9: Must | E9: Guest (signed out) | G9: verify.html: type "sdc 2026 1"; a revoked code; a random code | H9: Auto-formats to SDC-2026-0001; Valid / Revoked / Not found | J9: Not Run
A10: SYN-08 | B10: Sync, Storage & Data | C10: Uploads served safely | D10: Should | E10: admin@sdclearn.demo | G10: Open an uploaded file link | H10: Downloads (not opened as a page) | J10: Not Run

Sheet 12 Security & Performance
A1: 12 Security & Performance
A2: Case ID | B2: Area | C2: Feature / Workflow | D2: Priority | E2: Role / Account | F2: Preconditions | G2: Test steps | H2: Expected result | I2: Actual result | J2: Status | K2: Tester | L2: Date | M2: Evidence / Notes
A3: SEC-01 | B3: Security & Performance | C3: Data not readable without signing in | D3: Must | E3: Guest (signed out) | G3: Call the Supabase table with the public key (IT) | H3: Permission denied | J3: Not Run
A4: SEC-02 | B4: Security & Performance | C4: Learner cannot escalate | D4: Must | E4: learner@sdclearn.demo | G4: Try to change own role / settings (devtools) and sync | H4: Server ignores it | J4: Not Run
A5: SEC-03 | B5: Security & Performance | C5: Only own password hash in browser | D5: Must | E5: learner@sdclearn.demo | G5: Inspect stored data | H5: Other users have no password hash | J5: Not Run
A6: SEC-04 | B6: Security & Performance | C6: AI keys locked to admins | D6: Must | E6: instructor@sdclearn.demo | G6: Call /api/ai/configure with an instructor session (IT) | H6: 403 | J6: Not Run
A7: SEC-05 | B7: Security & Performance | C7: Site not flagged | D7: Must | E7: Guest (signed out) | G7: Open the site in Chrome | H7: No "Dangerous site" warning | J7: Not Run
A8: PERF-01 | B8: Security & Performance | C8: Login speed | D8: NFR | E8: Guest (signed out) | F8: Empty cache | G8: Open login page | H8: Ready in about 2 s or less | J8: Not Run
A9: PERF-02 | B9: Security & Performance | C9: Sign-in to My Courses | D9: NFR | E9: learner@sdclearn.demo | G9: Sign in | H9: About 1–2 s | J9: Not Run
A10: PERF-03 | B10: Security & Performance | C10: Page switching | D10: NFR | E10: admin@sdclearn.demo | G10: Move between pages | H10: Instant (well under half a second) | J10: Not Run
